81754317 -3326.0990 -190.7695 -16.8242 -3317.1330 -195.0595 328.2799 -3293.6240 -198.4501 664.0995 -3295.0500 -218.7457 839.6330 -3294.9640 -0.1910 536.3023 -3299.2150 68.0969 239.6892 -3229.8210 101.0617 -30.0772 -3216.0720 93.1792 -82.7627 -3315.0060 -396.6133 544.8635 -3321.1170 -441.9229 236.3790 -3266.2350 -446.8975 -40.9518 -3262.1670 -441.5481 -110.2454 -3277.2800 -98.4335 -15.1025 -3361.4380 1.5493 -422.4320 -3419.2120 55.9571 -785.7731 -3284.9470 51.9625 -824.1823 -3291.9170 -278.5385 -18.3672 -3359.5300 -326.8041 -428.2219 -3412.8180 -345.5657 -792.9444 -3278.7600 -344.9375 -831.3019 -3302.1230 -197.7535 581.4119 -3228.1610 87.3422 -191.4494 -3180.7060 37.9618 -78.5971 -3273.0180 -443.5231 -193.4998 -3216.4260 -392.6894 -98.4507
81754350 -3325.6710 -190.7036 -16.5944 -3316.5980 -195.1523 328.1162 -3292.8480 -198.8112 663.2722 -3295.1790 -218.7011 839.6996 -3294.6380 0.5502 536.4069 -3299.1580 67.9724 239.6098 -3229.5130 100.9055 -28.6830 -3214.6130 90.9531 -91.4730 -3315.0440 -396.6291 545.3668 -3321.0270 -441.9695 236.2970 -3266.0950 -446.6804 -41.4165 -3260.3880 -440.6177 -114.3692 -3276.7210 -98.1728 -14.7975 -3361.3570 1.3943 -422.3077 -3418.7490 55.2475 -784.6443 -3284.6520 51.1906 -822.9995 -3291.5680 -278.6003 -18.1661 -3359.5500 -326.9023 -428.1295 -3412.7580 -345.6183 -793.6130 -3278.8720 -345.0601 -831.8977 -3301.4120 -198.0321 580.8020 -3220.6650 98.8661 -168.9963 -3177.9170 41.7992 -102.2576 -3264.7760 -447.8378 -194.4509 -3217.2730 -393.3806 -97.3222
81754384 -3325.5570 -190.5337 -16.6065 -3316.1800 -194.9785 328.1167 -3292.0560 -198.6690 663.3262 -3294.6490 -218.8577 839.3124 -3293.2280 0.5268 535.8429 -3298.0330 67.7143 237.1495 -3229.2140 101.0142 -28.4892 -3218.9400 91.0148 -91.4715 -3314.4240 -396.5069 545.4328 -3320.8630 -442.0066 235.8466 -3265.9380 -447.0332 -42.1307 -3258.5410 -441.2810 -114.5278 -3276.6790 -98.0277 -14.6815 -3360.9380 1.5201 -421.4991 -3417.8760 54.3407 -786.3137 -3283.9470 50.1086 -824.6107 -3291.3080 -278.3155 -18.3590 -3359.5920 -326.3929 -428.4609 -3412.3570 -345.4970 -793.6765 -3278.6360 -345.1256 -831.9219 -3300.7110 -197.8805 580.8408 -3206.6630 102.0297 -172.6386 -3178.9520 42.2787 -93.2698 -3258.3850 -445.8794 -188.5091 -3215.4150 -392.8155 -96.5670
81754417 -3325.9190 -190.4983 -16.7265 -3316.3260 -195.0649 328.3881 -3292.1220 -199.0725 664.7390 -3294.1120 -218.8980 839.5110 -3292.2780 0.3646 535.5334 -3297.9450 67.6932 237.2366 -3228.8820 100.7026 -28.8032 -3218.5850 91.8739 -93.9447 -3314.2250 -396.3903 545.4683 -3320.9140 -442.2939 235.2827 -3265.8900 -447.1098 -42.1804 -3261.0340 -441.8106 -109.0840 -3277.3960 -98.1298 -14.9411 -3360.8760 1.5548 -421.8586 -3417.9330 54.4886 -785.7340 -3284.1460 50.0740 -823.9953 -3291.4720 -278.2119 -18.3827 -3359.6200 -326.0933 -428.4585 -3412.0320 -345.4594 -793.7693 -3278.4550 -345.2686 -831.9707 -3300.8110 -198.1852 581.8774 -3217.3640 105.5259 -167.9375 -3178.5330 43.2029 -97.2221 -3270.0330 -436.4014 -193.6525 -3224.4060 -388.0063 -97.6739
81754450 -3325.8520 -190.1462 -16.7648 -3316.2100 -194.9469 328.6152 -3291.9260 -199.1456 665.4542 -3294.0770 -218.9866 839.6937 -3292.1600 0.1806 535.5409 -3297.4910 68.2690 236.9492 -3228.8430 100.7963 -28.7949 -3217.6010 91.7825 -91.6212 -3314.1950 -396.3963 545.5505 -3321.3850 -442.6501 235.3878 -3265.7920 -447.2185 -41.7304 -3261.1550 -443.9247 -111.4072 -3277.3020 -97.9298 -14.9526 -3360.3440 1.3691 -421.4719 -3418.0870 55.0710 -792.8702 -3284.4830 50.6324 -830.9807 -3291.4450 -277.6364 -18.4298 -3358.8490 -325.4220 -426.2979 -3410.9920 -346.6734 -793.0406 -3277.5790 -346.4850 -831.1747 -3300.6270 -198.1977 582.4569 -3208.7620 106.1002 -176.2541 -3171.4190 46.3444 -99.3813 -3264.2810 -443.3838 -187.7373 -3217.2560 -391.7039 -98.1379
81754484 -3325.8850 -190.0058 -16.6838 -3316.2220 -194.8802 328.7500 -3291.9570 -199.1270 665.6022 -3294.5900 -218.5590 839.9184 -3291.8510 0.3628 535.5082 -3297.5430 68.3697 237.1725 -3227.9120 100.7878 -27.0973 -3216.4080 91.4266 -89.4383 -3314.7100 -396.7411 546.7482 -3321.1690 -442.8287 235.8872 -3265.7170 -447.3435 -41.4156 -3259.9960 -441.3687 -111.7925 -3277.2510 -97.7822 -14.9104 -3360.6110 1.7707 -422.4664 -3417.9300 55.4684 -792.7285 -3284.4660 50.8531 -830.7792 -3291.5960 -277.4579 -18.2506 -3359.1790 -325.9099 -426.2866 -3411.3470 -346.3096 -793.3361 -3278.0740 -346.2978 -831.4068 -3300.6500 -198.1701 582.6107 -3223.4980 110.7346 -167.6719 -3175.5000 44.9348 -99.7467 -3240.8290 -441.7296 -190.1486 -3214.1360 -390.9501 -81.4315
81754517 -3325.5170 -189.9554 -16.3167 -3315.8110 -194.8404 329.1480 -3291.6480 -199.0753 665.8826 -3295.2710 -218.6577 839.9654 -3291.6230 0.3783 535.5520 -3297.6120 68.8762 237.1587 -3228.0480 100.9492 -27.1678 -3218.2730 90.5021 -92.5553 -3314.6720 -396.7112 546.7545 -3320.8650 -442.7702 235.9970 -3265.5180 -448.3045 -38.8072 -3264.2900 -441.0519 -108.7608 -3276.8030 -97.6681 -14.5265 -3360.5420 1.3989 -423.8474 -3418.0760 56.1189 -788.1187 -3284.7070 51.4537 -826.1652 -3291.2750 -277.4642 -17.8694 -3359.8870 -324.6984 -429.4258 -3411.4960 -346.8981 -792.3675 -3278.3290 -346.9216 -830.3941 -3300.3020 -198.1258 582.9362 -3208.1650 111.8712 -166.4542 -3176.8910 44.1903 -97.1891 -3247.7020 -432.5769 -192.3551 -3217.2000 -394.4470 -81.5927
81754550 -3324.5150 -190.4046 -15.6523 -3315.6600 -194.9118 329.3733 -3291.8290 -199.0009 665.9655 -3295.6670 -218.4390 840.0483 -3291.2130 0.1324 536.2815 -3297.4270 68.8369 238.0906 -3227.4340 100.9665 -28.2160 -3216.3590 93.2279 -92.4504 -3314.5900 -396.5461 546.9031 -3320.2430 -442.6943 236.2113 -3265.4430 -448.6105 -39.4104 -3263.0740 -441.8183 -108.9893 -3275.7380 -98.0146 -13.9329 -3359.8430 0.8153 -422.8057 -3418.1370 56.3739 -786.4617 -3284.8390 51.6228 -824.4309 -3290.3050 -278.0206 -17.1038 -3359.1230 -325.5968 -427.7946 -3410.8780 -346.5792 -792.6673 -3277.7870 -346.6886 -830.5934 -3300.3750 -198.0988 583.0224 -3197.0200 116.4401 -169.6288 -3177.3780 43.9197 -95.7092 -3261.6300 -447.0892 -186.4793 -3218.6500 -392.2023 -92.5767
81754584 -3324.0000 -190.4843 -15.5270 -3315.2160 -194.8495 329.4376 -3291.5560 -198.7865 665.9004 -3295.8440 -218.3994 840.1478 -3290.7460 0.1327 536.4677 -3297.4800 69.0310 238.1935 -3225.3460 99.8846 -29.2857 -3213.4810 88.1103 -92.1880 -3314.6190 -396.5975 546.9216 -3320.0390 -442.5629 236.1162 -3264.9850 -448.6314 -37.8126 -3262.8390 -442.2826 -109.9148 -3274.8190 -98.1179 -13.5879 -3360.1960 0.7053 -423.9386 -3418.5890 55.3212 -788.2906 -3285.4260 50.4667 -826.1685 -3290.0640 -278.0749 -17.1000 -3357.2320 -324.4220 -424.8032 -3409.9130 -346.5131 -794.8475 -3276.9580 -346.7383 -832.6750 -3300.0720 -197.9286 582.9979 -3210.5650 111.4611 -167.5743 -3173.1030 43.3498 -98.1784 -3258.7080 -422.2702 -195.9638 -3218.5000 -390.9595 -78.1001
81754617 -3323.9340 -190.3416 -15.3773 -3315.1230 -194.8568 329.6037 -3291.4920 -198.9024 666.0397 -3296.4910 -218.1678 840.1964 -3290.3090 -0.0919 536.2273 -3297.5140 69.0815 238.1064 -3225.2200 100.0033 -28.8020 -3216.7270 94.0451 -85.2491 -3314.5440 -396.7695 547.0189 -3319.9910 -442.6184 236.3645 -3264.1970 -448.2637 -39.5465 -3257.7050 -441.3781 -108.8623 -3274.7280 -97.9381 -13.3589 -3359.5730 0.7141 -422.7935 -3418.2470 54.5979 -787.2852 -3285.1250 49.6690 -825.1563 -3290.0250 -277.9682 -17.0145 -3356.2410 -325.7417 -423.8211 -3410.1120 -348.3024 -786.8983 -3277.1830 -348.5879 -824.7968 -3299.9970 -198.0205 583.1516 -3213.6630 108.9110 -177.4191 -3164.7280 47.0608 -109.7932 -3246.0250 -454.8253 -178.0392 -3216.8750 -391.1457 -92.6244
81754650 -3323.9000 -190.4868 -15.2861 -3315.0990 -195.2176 329.7569 -3291.5970 -199.4661 666.1601 -3296.5200 -218.1689 840.2311 -3291.2040 0.3492 536.7311 -3297.5450 69.1738 238.1082 -3225.9780 100.5073 -29.7137 -3219.0590 89.4033 -91.0970 -3314.6020 -396.9340 546.8821 -3319.8560 -442.6305 236.3845 -3264.1340 -448.2500 -39.4405 -3261.8570 -440.4258 -110.4883 -3274.7520 -98.0238 -13.3311 -3359.2950 0.9428 -422.7274 -3417.9640 54.5326 -786.0574 -3284.8650 49.8103 -823.9113 -3289.8950 -278.2059 -16.8155 -3355.9720 -325.7096 -423.0554 -3410.1710 -347.0521 -789.4894 -3277.2730 -347.1467 -827.3293 -3300.0610 -198.5354 583.2938 -3217.9150 102.4662 -175.4445 -3174.8650 43.4253 -101.7975 -3247.6830 -462.0984 -195.2567 -3217.9170 -393.6454 -110.5826
81754684 -3323.7200 -190.5610 -15.2246 -3315.0480 -195.2396 329.7974 -3291.6160 -199.4572 666.1711 -3296.6200 -218.2624 840.2366 -3291.3060 0.6448 536.5561 -3297.4820 69.1023 238.0310 -3225.8450 100.3582 -29.5557 -3215.3370 88.2872 -94.6101 -3314.1900 -396.1483 546.6912 -3320.7380 -443.0703 235.4481 -3264.0330 -448.1264 -39.7464 -3260.9190 -441.7083 -110.4705 -3274.5480 -98.0282 -13.2570 -3358.9750 0.8466 -422.2523 -3416.9690 54.7789 -787.3884 -3283.9300 50.1762 -825.1799 -3289.7360 -278.3503 -16.7669 -3355.9780 -325.7273 -422.8403 -3410.1950 -346.8717 -790.1779 -3277.3540 -346.8460 -827.9651 -3300.0660 -198.5334 583.3056 -3211.7630 102.6964 -179.9488 -3172.1430 43.3791 -104.1013 -3270.5350 -434.1743 -198.1564 -3216.6250 -390.2049 -114.0948
81754717 -3323.6130 -190.2867 -14.9387 -3315.0030 -195.0755 330.0133 -3291.6650 -199.3497 666.2837 -3296.6630 -218.1380 840.2294 -3291.3490 0.6589 536.6167 -3297.4070 69.2764 238.0611 -3225.8540 100.4362 -29.4934 -3216.4530 91.6345 -91.7530 -3314.9310 -396.6693 547.2278 -3320.7670 -443.0334 235.5708 -3263.9210 -448.2119 -40.2415 -3259.6990 -438.1080 -109.4125 -3274.4240 -97.6916 -12.9016 -3359.0880 0.8105 -422.6628 -3417.9400 56.1179 -787.6616 -3284.9830 51.3484 -825.4127 -3289.6560 -278.1375 -16.5552 -3355.9820 -325.7985 -422.8867 -3410.5260 -346.7776 -791.3626 -3277.7690 -346.9050 -829.0977 -3300.0930 -198.4164 583.4453 -3215.6640 107.5066 -173.1403 -3174.5780 42.5062 -101.3436 -3271.1690 -437.4807 -195.4543 -3207.3810 -393.2069 -97.3774
81754750 -3323.5140 -190.3997 -14.9401 -3314.9290 -195.0914 330.0043 -3291.6130 -199.2741 666.2336 -3296.8580 -218.1915 840.0759 -3291.3310 0.6547 536.6275 -3297.1840 69.1420 238.0407 -3225.2990 101.1644 -28.8407 -3213.8640 90.3130 -88.2310 -3314.9650 -396.6588 547.4969 -3320.6240 -442.9385 236.0690 -3264.0010 -447.9668 -40.4808 -3260.6170 -440.8964 -115.7685 -3274.3800 -97.7487 -12.8844 -3359.1810 0.6132 -422.9393 -3418.1630 56.3461 -787.9601 -3285.2730 51.5681 -825.6722 -3289.4910 -278.3184 -16.5933 -3355.9860 -325.9965 -422.8614 -3409.2900 -346.7764 -793.0786 -3276.6060 -346.9089 -830.7556 -3300.0410 -198.3734 583.4150 -3215.6660 111.1773 -164.3391 -3174.0770 43.7914 -99.8055 -3263.8620 -440.6728 -206.6568 -3217.3480 -390.4105 -111.9282
81754784 -3323.3290 -189.8968 -15.0196 -3314.8670 -194.8572 330.0328 -3291.6580 -199.1520 666.2822 -3297.0160 -218.2818 840.1382 -3291.5510 0.6810 536.7719 -3297.2610 69.4049 238.1040 -3225.4590 101.1473 -28.7711 -3214.7330 87.8835 -91.6364 -3315.2040 -397.0147 547.2437 -3320.5810 -442.9774 236.0752 -3264.9500 -448.1650 -42.2120 -3262.6960 -441.1296 -119.1699 -3273.9110 -97.0939 -12.8756 -3359.8100 2.3473 -424.2644 -3417.9720 56.5555 -788.4951 -3285.1250 51.7732 -826.1705 -3289.5160 -277.8893 -16.7471 -3356.3670 -326.1607 -423.0622 -3409.8670 -348.0387 -791.9055 -3277.2220 -348.1589 -829.5665 -3300.0620 -198.2344 583.4631 -3210.1630 102.1997 -181.6113 -3171.7920 44.9617 -111.4923 -3262.4720 -443.4875 -205.0756 -3215.4270 -391.4760 -101.7925
81754817 -3323.2030 -189.7214 -15.0796 -3314.7600 -194.7481 330.0486 -3291.6110 -199.0846 666.3201 -3297.0320 -218.3341 840.1201 -3291.5110 0.6600 536.8213 -3297.0220 69.6353 238.0877 -3223.4840 100.0770 -35.4862 -3212.6900 90.5290 -95.4134 -3314.8670 -396.8802 547.0349 -3320.4570 -442.9892 235.5633 -3264.9450 -447.9243 -42.0372 -3259.4940 -440.3384 -111.1412 -3273.8060 -96.9453 -12.9050 -3359.4990 2.2491 -426.2219 -3417.6610 56.6551 -788.2678 -3284.8480 51.9398 -825.9208 -3289.3850 -277.6991 -16.8412 -3356.5420 -326.1147 -423.6076 -3409.1530 -347.6711 -793.9512 -3276.5460 -347.7270 -831.5640 -3299.9990 -198.1576 583.5009 -3219.1620 109.0983 -182.1294 -3166.7340 46.9947 -110.4478 -3257.0290 -448.6588 -186.9448 -3211.3010 -392.5503 -93.1272
81754850 -3323.3040 -189.8267 -15.3199 -3314.9060 -194.7172 330.0386 -3292.1790 -198.7543 666.5967 -3296.9510 -218.3511 840.2419 -3291.5800 0.3967 536.9197 -3297.5470 70.5293 237.1527 -3223.5800 100.8318 -34.4982 -3217.3800 90.1383 -90.1749 -3315.7420 -397.2036 547.0189 -3320.6460 -443.0124 235.4441 -3264.9370 -448.0461 -42.7100 -3259.8900 -438.4619 -110.9304 -3273.9050 -97.1580 -13.0638 -3362.4470 3.5564 -431.3832 -3417.4830 56.1041 -789.1406 -3284.7060 51.2026 -826.7538 -3289.5310 -277.6992 -17.2337 -3358.6080 -326.2831 -427.0727 -3409.0210 -347.5567 -795.4750 -3276.4530 -347.8066 -833.0411 -3300.4230 -197.9339 583.6803 -3215.1650 107.5046 -176.0291 -3177.5720 40.6509 -97.4766 -3260.7790 -444.0791 -199.7616 -3214.0340 -392.8535 -101.5008
81754884 -3323.2360 -189.6792 -15.5593 -3314.8800 -194.6180 329.9472 -3292.1930 -198.6717 666.5575 -3296.7840 -218.4733 840.3743 -3291.7910 0.5888 536.9353 -3297.5840 70.6086 237.2740 -3224.0890 101.7271 -32.6305 -3214.1170 91.5850 -88.3224 -3314.4800 -396.7623 545.3746 -3320.6680 -443.0455 235.4729 -3264.9340 -447.8895 -42.6715 -3261.2290 -441.9911 -112.6909 -3273.9990 -96.9616 -13.3185 -3362.0650 4.0481 -430.0332 -3417.2750 56.0909 -789.2614 -3284.5150 51.5206 -826.8423 -3289.2780 -277.5728 -17.5104 -3358.7230 -326.5095 -427.3352 -3409.0810 -347.4774 -795.4891 -3276.5300 -347.3972 -833.0247 -3300.4280 -197.8492 583.6359 -3218.3680 101.1755 -166.2353 -3174.4300 44.7616 -95.4550 -3264.2820 -444.5021 -188.8550 -3212.4850 -393.5199 -99.2991
81754917 -3323.3690 -189.5340 -15.6442 -3314.8810 -194.5426 329.8584 -3292.0810 -198.6043 666.3615 -3296.8210 -218.4073 840.2741 -3291.9840 0.4034 537.0239 -3297.4710 70.4452 236.9552 -3224.4180 100.5546 -33.3446 -3214.4150 87.2390 -97.7345 -3314.9800 -396.8654 545.2274 -3319.5470 -442.0975 233.6417 -3265.9300 -448.2429 -43.7073 -3261.4410 -440.3917 -111.4758 -3274.0070 -96.9230 -13.3548 -3362.1820 3.9481 -430.0842 -3418.0880 56.2764 -788.2449 -3285.4390 51.6282 -825.7978 -3289.7040 -277.2373 -17.6548 -3358.7660 -326.5251 -427.3726 -3410.5450 -347.8863 -794.0336 -3278.1030 -347.8784 -831.5475 -3300.3540 -197.7796 583.4843 -3213.8310 110.3751 -178.8749 -3163.6160 50.6252 -127.7479 -3258.0360 -435.1799 -194.7330 -3218.9260 -390.5380 -87.4227
81754950 -3323.3360 -189.5686 -15.5997 -3314.8950 -194.5170 329.8763 -3292.2570 -198.3885 666.3470 -3296.4540 -218.4844 840.2408 -3292.2210 0.2286 537.4299 -3297.5180 70.2971 237.0665 -3225.5850 100.9723 -31.4863 -3215.9740 89.0874 -100.0654 -3315.1040 -396.8861 545.1876 -3319.6250 -442.0439 233.6585 -3265.7730 -448.3147 -42.5983 -3262.5230 -443.1567 -111.5566 -3273.9990 -96.9285 -13.3480 -3362.1810 3.5901 -429.3906 -3418.1730 56.5975 -785.0488 -3285.6010 51.9691 -822.5813 -3289.6260 -277.3392 -17.5275 -3359.5830 -326.4754 -428.3749 -3410.8520 -346.4707 -793.7419 -3278.4930 -346.4554 -831.2038 -3300.4690 -197.6292 583.4905 -3204.9120 110.8132 -183.4936 -3182.9260 40.6597 -115.2622 -3260.0300 -449.0935 -187.1176 -3215.6230 -392.1368 -97.2267
81754984 -3323.2950 -189.4672 -15.4959 -3314.9110 -194.4841 329.8841 -3292.3780 -198.3633 666.2545 -3296.5540 -218.5112 840.1713 -3293.0710 0.7258 537.5251 -3297.4280 70.5134 237.1895 -3225.6270 100.8382 -31.8569 -3211.8630 86.3740 -94.5848 -3315.4960 -397.0591 545.2104 -3319.8630 -441.5345 234.4688 -3265.8250 -448.4185 -42.6275 -3262.6570 -440.5816 -110.3363 -3274.0200 -96.8028 -13.2333 -3362.3270 3.7915 -429.2452 -3419.1440 56.9171 -785.8188 -3286.6480 52.4086 -823.2927 -3289.5150 -277.2550 -17.4160 -3359.5940 -326.4687 -428.4101 -3410.7290 -346.4359 -793.7457 -3278.4460 -346.2975 -831.1547 -3300.5480 -197.5990 583.4413 -3207.1650 110.8777 -174.8630 -3175.8620 39.8041 -102.6988 -3255.3750 -421.8120 -204.6600 -3215.5520 -391.5923 -97.0285
81755017 -3323.3170 -189.4281 -15.6189 -3314.8750 -194.4221 329.8139 -3292.2770 -198.2637 666.1953 -3296.4510 -218.4232 840.1693 -3293.4910 1.3057 537.0902 -3297.5430 70.2785 238.2275 -3224.9230 101.7676 -30.1556 -3213.3290 88.7562 -93.1327 -3316.7370 -397.3698 545.3239 -3319.3640 -441.1228 234.4471 -3265.5360 -448.4984 -43.0286 -3260.5220 -441.0289 -112.4281 -3274.0440 -96.7805 -13.3699 -3362.5020 4.2345 -429.1680 -3418.2540 57.1703 -780.2442 -3285.8400 52.4836 -817.7451 -3289.5340 -277.2079 -17.5199 -3359.6380 -326.0781 -429.0435 -3411.0180 -345.5081 -795.1027 -3278.8310 -345.5558 -832.4652 -3300.4680 -197.5092 583.3820 -3225.1640 96.0807 -191.2690 -3164.4620 48.9772 -118.1210 -3251.2340 -442.2782 -187.2150 -3217.8260 -392.3873 -87.0405
81755050 -3323.3210 -189.2050 -15.6815 -3314.8760 -193.9646 329.6867 -3292.3040 -197.5340 665.9476 -3296.2840 -218.4037 840.1821 -3294.0350 1.4003 537.4324 -3297.8090 70.0587 238.6048 -3226.5600 101.4800 -30.3757 -3215.5920 89.9213 -96.6748 -3316.8680 -397.3031 543.4222 -3319.6050 -440.4572 234.7128 -3265.4730 -448.0684 -42.8488 -3261.0470 -439.2099 -110.8149 -3273.7890 -96.5681 -13.2466 -3361.0760 2.8046 -423.7274 -3420.6250 56.9357 -781.8355 -3288.2330 52.3202 -819.3077 -3289.9110 -276.7386 -17.9080 -3360.7610 -325.3204 -432.3835 -3412.1420 -345.6268 -795.5943 -3279.9760 -345.6064 -832.9374 -3300.4900 -196.8454 583.1719 -3215.4150 115.5665 -175.3070 -3174.1610 43.0256 -103.3880 -3258.8660 -443.0248 -192.9821 -3216.2030 -392.3276 -95.3895
81755084 -3323.4480 -189.0962 -15.8031 -3315.0070 -193.9210 329.5042 -3292.4900 -197.5897 665.6230 -3296.0720 -218.4639 839.9589 -3293.8340 0.8408 536.8952 -3298.0600 69.5750 238.7659 -3226.8750 101.3100 -30.6148 -3217.0470 88.6845 -95.5872 -3316.7910 -397.2075 543.5048 -3319.5910 -440.2766 234.8200 -3265.4200 -447.9951 -43.2396 -3262.2500 -438.3054 -107.1459 -3273.8480 -96.5363 -13.3199 -3360.7110 2.4800 -423.0188 -3420.4100 57.0756 -782.2317 -3288.0820 52.4316 -819.6655 -3290.1130 -276.5578 -18.0598 -3360.2590 -326.1191 -430.9840 -3412.4340 -345.6469 -796.5015 -3280.3330 -345.6536 -833.8019 -3300.6600 -196.8684 582.8937 -3192.8330 108.1904 -174.7935 -3175.0960 42.3077 -108.8430 -3263.0430 -419.8465 -206.6384 -3216.6330 -390.8829 -95.0958
81755117 -3323.0300 -189.4167 -16.0685 -3314.6390 -194.1044 329.3795 -3292.1690 -197.6900 665.5875 -3295.3890 -218.0995 840.1431 -3294.2220 1.9470 536.5447 -3297.9840 69.5278 238.7502 -3226.6990 100.7802 -28.3538 -3217.0110 87.2687 -95.2526 -3316.5630 -395.7880 543.7498 -3319.5840 -440.2631 234.8776 -3264.8280 -447.5847 -45.9809 -3261.2490 -439.8231 -115.3926 -3273.6020 -96.7288 -13.5354 -3360.6700 2.8254 -423.0589 -3420.8400 56.7942 -782.5882 -3288.5920 52.3114 -819.9664 -3289.4420 -277.0945 -18.3561 -3360.1340 -326.1528 -430.8970 -3413.1640 -345.3804 -796.7216 -3281.1420 -345.2331 -833.9686 -3300.3330 -196.9839 582.8408 -3210.7630 111.4639 -185.1461 -3172.1950 43.4755 -110.9247 -3236.5280 -438.2898 -213.7169 -3212.7150 -392.1985 -108.8517
81755150 -3321.8640 -189.2146 -15.5025 -3313.7900 -194.0204 329.2932 -3291.3580 -197.7085 664.8732 -3293.3620 -217.7540 839.3031 -3294.0440 2.2881 536.8456 -3298.0000 69.3113 238.7837 -3226.7570 100.1744 -26.9173 -3212.1240 87.3094 -93.9607 -3316.6290 -395.5855 544.0077 -3318.7230 -439.9300 235.2832 -3264.2180 -447.3372 -47.0549 -3263.7260 -442.8531 -110.0969 -3272.3860 -96.1569 -12.9760 -3359.6390 2.6975 -420.3955 -3420.6900 56.7762 -782.7025 -3288.4380 52.2380 -820.0644 -3288.2370 -277.2821 -17.7304 -3359.5460 -326.3067 -430.0418 -3412.9750 -345.1437 -799.0933 -3280.9540 -345.0551 -836.2991 -3299.5420 -196.9717 582.3170 -3221.9170 103.7811 -181.7016 -3174.7000 43.3482 -134.4808 -3264.0380 -434.8037 -196.2738 -3218.2770 -393.5599 -95.2043
81755184 -3322.0000 -189.2968 -15.5879 -3313.9000 -194.0160 329.0321 -3291.4910 -197.5610 664.2139 -3293.1360 -217.7507 839.0386 -3293.9060 2.1586 536.5317 -3298.0060 69.3576 238.8069 -3227.2440 99.6528 -27.8423 -3219.5450 86.2665 -98.2338 -3316.7940 -395.5818 544.0947 -3318.1130 -439.0397 233.8634 -3264.6670 -447.1584 -47.0236 -3262.4170 -437.3873 -114.7031 -3272.4060 -96.2887 -13.0457 -3359.4550 3.2882 -419.7108 -3420.9770 56.9125 -782.6435 -3288.7280 52.3044 -820.0071 -3288.6310 -277.3284 -17.8612 -3358.9560 -326.2094 -428.7203 -3412.9170 -345.3279 -798.7614 -3280.8990 -345.3057 -835.9711 -3299.6690 -196.8674 581.7734 -3195.1650 114.3950 -175.4961 -3182.1790 39.7832 -105.9740 -3270.2320 -437.5372 -203.9809 -3216.8800 -393.2879 -113.2704
81755217 -3322.2500 -189.2457 -15.5782 -3314.0120 -193.9157 328.9894 -3291.5520 -197.3970 664.1179 -3292.8870 -217.7407 838.5943 -3293.9290 2.0692 536.6428 -3297.7710 68.5152 239.1019 -3227.6910 99.2258 -29.0593 -3220.4590 87.3204 -105.8460 -3318.0400 -395.4245 545.5071 -3317.9080 -438.8387 233.7811 -3265.2200 -447.5338 -47.6389 -3261.5420 -439.6085 -111.4347 -3272.4740 -96.3240 -13.0177 -3359.4010 3.3681 -419.6808 -3422.5420 55.2755 -786.5941 -3290.3230 50.4074 -823.9326 -3289.2230 -277.0972 -17.8953 -3359.0010 -326.2903 -428.7756 -3413.0060 -345.3738 -798.5631 -3281.0080 -345.6304 -835.7896 -3299.7430 -196.7206 581.6906 -3211.3920 93.8075 -166.0636 -3176.7040 42.3675 -115.7317 -3254.7830 -438.6898 -199.4309 -3218.0290 -389.7619 -94.7500
81755250 -3321.8810 -189.5302 -15.5048 -3313.9470 -193.9292 329.0333 -3291.6000 -197.2944 664.1992 -3292.6200 -217.6146 838.7629 -3293.9530 2.1787 536.5308 -3296.6860 67.3171 240.3229 -3227.4060 99.2131 -30.5451 -3218.8280 89.6652 -104.5255 -3317.7800 -395.1157 545.7955 -3318.0060 -439.0083 233.8972 -3265.1540 -446.8123 -45.9004 -3258.3890 -440.2131 -115.1039 -3272.3190 -96.4650 -13.0380 -3359.2530 2.8997 -420.3643 -3422.0250 55.9206 -783.8464 -3289.7880 51.1187 -821.1954 -3288.4670 -277.6477 -17.6218 -3358.7740 -326.4743 -428.8063 -3412.4860 -345.9428 -796.7432 -3280.4720 -346.1182 -833.9698 -3299.7520 -196.6645 581.7463 -3219.8290 110.5664 -185.0898 -3174.6670 42.6461 -116.9448 -3268.2290 -447.1951 -198.8975 -3211.9290 -395.2031 -121.4122
81755284 -3321.9740 -189.6677 -15.8457 -3313.8140 -193.9707 328.9136 -3291.1040 -197.2842 664.1992 -3292.2790 -217.4706 838.7098 -3293.7340 1.8944 535.5461 -3297.0590 67.4271 240.7526 -3227.0570 99.0638 -30.1341 -3219.2300 85.7347 -103.9239 -3317.4560 -394.4843 545.1266 -3318.1050 -438.8388 233.7186 -3264.9150 -446.5686 -45.4322 -3260.1970 -442.4981 -111.8691 -3272.8270 -96.7658 -13.8945 -3360.3190 1.8761 -422.3037 -3421.6120 55.3866 -786.7484 -3289.4580 50.6080 -824.0548 -3288.3940 -277.7128 -17.7165 -3358.6850 -326.3872 -428.1255 -3412.4620 -345.2574 -797.3427 -3280.5250 -345.4237 -834.5530 -3299.3810 -196.6686 581.7023 -3203.4170 101.9958 -170.2747 -3173.0410 42.0940 -126.0081 -3266.1460 -463.6451 -190.0516 -3214.7380 -393.6488 -109.7118
81755317 -3321.9280 -189.5617 -16.2072 -3313.6460 -193.7694 328.5782 -3290.8570 -196.9809 663.9045 -3290.7850 -217.0708 838.7972 -3293.6360 2.0876 535.3683 -3296.1760 66.6232 239.4266 -3227.4490 99.5253 -30.8285 -3215.4980 90.6120 -99.4172 -3317.4490 -394.5457 544.4958 -3317.6150 -438.6085 233.5413 -3264.7610 -446.5641 -45.1738 -3256.7640 -437.9434 -118.2812 -3272.3180 -96.7681 -14.3198 -3359.7620 2.2087 -421.5743 -3421.7060 55.3867 -785.8429 -3289.5550 50.5820 -823.1678 -3288.7500 -277.4395 -18.2134 -3358.5840 -325.7108 -428.9680 -3412.2920 -345.0199 -797.4962 -3280.3610 -345.2148 -834.7128 -3299.1490 -196.3857 581.3951 -3216.4970 104.5868 -181.9773 -3163.8890 48.4054 -116.5197 -3250.1390 -445.7715 -195.4260 -3209.6920 -394.8839 -126.7767
81755350 -3322.1370 -189.6791 -16.4213 -3313.6390 -193.7797 328.4784 -3290.7210 -196.9267 663.8034 -3290.2650 -217.1185 838.7072 -3293.7210 2.2010 534.7151 -3297.0040 66.2002 239.1450 -3227.1930 98.5683 -32.1911 -3219.0450 84.8834 -107.7479 -3317.0320 -394.3628 544.1783 -3317.5720 -436.9803 230.9604 -3264.7680 -446.3838 -45.1864 -3258.7170 -437.1653 -115.5222 -3273.0190 -97.2978 -14.8124 -3359.9020 2.1572 -421.6576 -3421.3330 54.8801 -785.7421 -3289.1830 50.2048 -823.0773 -3288.7520 -277.4203 -18.2509 -3358.4930 -326.4954 -427.9846 -3412.0320 -345.7879 -797.0656 -3280.1010 -345.8502 -834.2964 -3299.0560 -196.3505 581.2986 -3216.1640 110.4530 -176.0865 -3173.5240 43.2157 -119.8935 -3261.9100 -439.7233 -187.6099 -3211.9330 -392.8100 -120.9091
81755384 -3322.2290 -189.7831 -16.7133 -3313.6550 -193.8475 328.2610 -3290.7110 -196.9673 663.6642 -3289.9750 -216.9866 838.6010 -3293.4900 2.2712 534.6398 -3296.9540 66.3896 239.0283 -3225.8600 96.6099 -34.7829 -3215.9900 84.0223 -105.1630 -3317.0700 -393.8103 544.1544 -3317.4440 -437.0365 230.8396 -3264.6230 -446.5861 -45.3677 -3260.2640 -437.7485 -112.5908 -3272.9410 -97.5988 -15.1924 -3359.8350 2.1242 -421.6218 -3420.2580 53.3606 -779.0290 -3288.0970 48.6309 -816.4412 -3288.9520 -277.3744 -18.4636 -3358.4740 -326.4853 -427.9188 -3411.8200 -345.8500 -796.2704 -3279.8940 -345.9826 -833.5155 -3299.0490 -196.3944 581.1420 -3227.1620 96.1402 -191.3875 -3153.0720 51.3982 -110.6062 -3256.0390 -418.9338 -215.0481 -3212.2730 -391.5147 -100.9472
81755417 -3322.2650 -189.8468 -16.8070 -3313.6570 -193.7761 328.1587 -3290.6960 -196.5951 663.4872 -3289.4040 -217.1570 838.6658 -3293.3950 2.6266 534.7708 -3296.6770 65.9135 239.1048 -3224.8830 93.9107 -36.7645 -3217.0330 84.6162 -106.7169 -3316.9500 -393.6273 543.9943 -3317.4430 -437.0406 230.8892 -3264.4860 -446.6394 -45.6585 -3260.4040 -439.1778 -112.6967 -3272.9930 -97.7523 -15.3202 -3359.9730 2.0532 -421.7031 -3419.9460 53.4586 -778.9478 -3287.7860 48.7318 -816.3610 -3288.9580 -277.3752 -18.4922 -3358.1970 -326.8808 -427.4680 -3411.7560 -345.7931 -796.2277 -3279.8310 -345.9222 -833.4739 -3299.0360 -196.1158 580.9833 -3211.5630 106.2033 -181.6891 -3162.9550 46.9710 -113.2993 -3260.3690 -422.4424 -219.8059 -3210.9540 -390.1519 -97.2963
81755450 -3322.1920 -189.9099 -16.9352 -3313.6170 -193.8102 328.0891 -3290.6920 -196.6103 663.4703 -3289.4290 -216.7121 838.4941 -3293.3150 2.9315 534.6381 -3296.6320 65.7071 238.5433 -3224.7920 94.1891 -37.3699 -3215.1830 85.8389 -97.1710 -3316.6470 -393.7073 543.7744 -3317.3080 -437.2011 230.7831 -3264.1950 -446.8122 -45.6001 -3258.2740 -437.5507 -112.5169 -3272.9840 -97.8403 -15.5004 -3359.4690 1.9526 -420.8913 -3419.3680 54.3587 -778.0589 -3287.2560 49.6819 -815.4492 -3288.7790 -277.4147 -18.5575 -3358.0610 -327.0268 -427.4821 -3411.9510 -347.9853 -791.2008 -3280.0650 -348.0277 -828.4719 -3299.0260 -196.1330 580.9572 -3212.5660 99.2307 -174.7168 -3154.9910 49.7623 -117.5506 -3258.3190 -438.2416 -194.2442 -3213.5460 -392.0439 -124.1704
81755484 -3322.2380 -189.9315 -17.0220 -3313.5940 -193.7673 328.0890 -3290.5120 -196.3530 663.6582 -3289.1290 -216.5983 838.4064 -3293.2370 2.7660 534.2880 -3296.7210 65.8059 238.4590 -3225.1270 93.7752 -37.5006 -3214.5900 87.4273 -94.5280 -3317.1230 -393.7404 543.9944 -3316.9730 -436.3398 232.1852 -3263.8870 -446.6188 -45.3205 -3257.7940 -435.5248 -111.0801 -3272.9880 -97.9163 -15.5905 -3362.5700 1.5042 -426.7953 -3419.2400 55.1881 -778.3850 -3287.1830 50.3757 -815.7620 -3288.8520 -277.3775 -18.6203 -3358.4340 -326.0814 -429.1915 -3412.0020 -347.6057 -792.1210 -3280.1730 -347.7789 -829.3726 -3298.8950 -195.9408 581.0759 -3219.6600 113.5276 -186.5358 -3151.3570 53.2184 -126.6031 -3271.1850 -434.3744 -203.7743 -3243.0000 -388.6119 -154.4979
81755517 -3321.5670 -190.0144 -17.0494 -3313.1570 -193.4033 328.0961 -3290.2320 -195.3149 663.7362 -3289.2390 -216.3852 838.5546 -3293.1830 2.9755 534.2461 -3296.6910 65.7540 238.6633 -3224.6200 93.9104 -37.5556 -3211.1930 90.4889 -92.6802 -3316.7570 -393.7213 543.6409 -3317.0030 -436.1809 232.3409 -3263.7700 -446.7538 -46.0274 -3254.2490 -437.7873 -108.9250 -3272.3230 -97.8767 -15.5960 -3362.4650 2.6805 -429.5470 -3419.0480 55.7296 -780.8441 -3287.0170 50.9880 -818.1585 -3288.0730 -277.5730 -18.5981 -3357.9530 -326.4002 -428.9709 -3412.5210 -346.6149 -794.5537 -3280.7160 -346.7236 -831.7447 -3298.5580 -195.1017 581.1338 -3212.9660 104.5110 -169.4673 -3145.0000 53.1176 -116.4877 -3239.0410 -416.7583 -205.1103 -3214.4210 -387.8579 -83.1499
81755550 -3320.4950 -190.6649 -16.7551 -3312.5250 -193.5814 328.2209 -3289.9680 -195.2883 663.7701 -3289.2230 -216.3752 838.5239 -3293.5180 3.0348 534.7130 -3296.7800 65.6492 238.5612 -3224.8860 94.8980 -36.1378 -3211.8480 86.0015 -91.4965 -3317.0660 -393.5194 544.2756 -3317.0440 -436.4264 231.9065 -3263.4850 -446.3270 -46.1313 -3258.8390 -438.6523 -110.0222 -3271.2850 -98.2919 -15.2812 -3360.7790 1.1039 -426.5333 -3418.7900 55.7572 -780.4169 -3286.7590 51.0272 -817.6930 -3286.8730 -278.4673 -18.2323 -3357.7260 -326.3499 -428.2836 -3413.1920 -346.8075 -794.6385 -3281.3870 -346.9028 -831.7880 -3298.2160 -195.1019 581.1865 -3209.6630 108.7697 -177.1913 -3152.3700 50.3164 -122.5906 -3253.6250 -452.3330 -189.1192 -3213.3930 -391.9674 -98.4953
81755584 -3319.1720 -190.8406 -16.8623 -3311.7860 -193.5901 328.2973 -3289.7080 -195.2428 663.9192 -3289.2460 -216.3072 838.6747 -3293.4730 2.9777 534.6694 -3296.5200 65.9533 238.1654 -3224.0500 94.5161 -34.8349 -3209.1290 82.4101 -97.6057 -3315.1820 -392.9825 543.9186 -3317.1020 -436.4642 233.1125 -3261.3570 -444.0222 -41.5655 -3251.6060 -435.4186 -111.8681 -3268.8730 -98.4040 -15.3807 -3356.8970 1.6001 -423.3853 -3418.9390 55.7042 -780.8492 -3286.8690 51.4117 -818.0677 -3286.2760 -278.6204 -18.2789 -3356.0370 -326.7142 -426.4288 -3411.9850 -348.1139 -791.9245 -3280.1350 -347.7555 -829.0476 -3297.8580 -195.0574 581.3293 -3198.8310 108.4074 -175.1264 -3145.4760 52.1471 -120.7859 -3239.0320 -438.8633 -191.8061 -3214.3340 -388.5667 -89.8856
81755617 -3318.5320 -190.8264 -17.0448 -3310.7150 -193.2150 327.6539 -3288.2900 -194.3735 662.6628 -3288.7120 -215.5125 837.9374 -3292.8600 2.8150 534.2377 -3295.4950 66.1365 237.2106 -3223.4740 95.4279 -34.5369 -3211.3530 88.4770 -96.7545 -3314.7090 -392.2850 543.9890 -3316.9310 -435.9704 233.2856 -3260.4720 -445.6495 -40.5089 -3256.1040 -437.3842 -110.5604 -3268.5800 -98.3080 -15.4888 -3356.8640 1.5577 -423.2422 -3419.0730 55.7627 -781.2887 -3287.0270 51.4291 -818.5256 -3285.1920 -278.7402 -18.4921 -3355.8800 -326.7953 -426.1508 -3411.8650 -347.8676 -791.8811 -3280.0380 -347.5524 -829.0272 -3296.5110 -194.3099 580.2399 -3199.9620 121.5642 -172.2747 -3154.2870 48.4143 -121.6846 -3268.3680 -432.4004 -205.4599 -3217.3330 -388.9089 -117.4565
81755650 -3318.4360 -190.8545 -17.1124 -3310.6790 -193.1898 327.6513 -3288.3030 -194.2806 662.7368 -3288.6700 -215.4615 837.9860 -3292.7390 2.8508 534.2333 -3294.2350 65.1880 236.8931 -3222.4480 94.6870 -35.9940 -3210.9780 85.3917 -102.5080 -3314.3750 -392.1307 543.5676 -3316.6050 -436.1549 233.5442 -3259.6970 -445.8816 -39.8446 -3253.4060 -432.2731 -115.0053 -3268.4680 -98.3173 -15.6328 -3356.6980 1.4569 -423.3413 -3418.6430 54.9779 -782.2868 -3286.6750 50.7010 -819.4669 -3285.1240 -278.7706 -18.4932 -3355.3720 -327.2585 -425.5184 -3411.8690 -347.8633 -791.8804 -3280.1180 -347.5005 -828.9818 -3296.5040 -194.2402 580.2851 -3199.3290 99.6827 -183.8915 -3145.3640 55.3470 -124.7786 -3261.0290 -443.3057 -200.5236 -3221.2780 -386.2672 -125.8882
81755684 -3317.3480 -190.1203 -17.0441 -3309.4840 -192.7654 327.5788 -3287.1540 -194.2129 662.5839 -3287.8620 -215.0604 838.2925 -3292.3180 3.0730 534.3738 -3293.5370 65.3376 236.7473 -3221.8710 94.8856 -36.7116 -3209.8400 86.2155 -95.6377 -3313.1900 -391.2913 543.0286 -3315.5500 -436.2718 233.1338 -3258.4720 -445.5918 -43.2031 -3252.9730 -435.1685 -112.5551 -3267.4710 -97.4935 -15.3275 -3356.9920 1.5876 -425.1802 -3418.3480 54.3932 -781.6484 -3286.4330 50.2914 -818.8038 -3283.9720 -278.1031 -18.6100 -3355.1550 -327.3057 -425.5479 -3411.1490 -346.7658 -793.6115 -3279.4560 -346.2468 -830.6610 -3295.3360 -194.0754 580.1521 -3213.1620 100.9949 -183.5286 -3150.1510 51.7502 -118.3252 -3240.0240 -449.2580 -193.3330 -3204.2100 -389.8239 -101.3453
81755717 -3314.5250 -190.0760 -16.7773 -3307.2830 -192.5914 327.1528 -3285.5440 -193.9961 661.6508 -3287.4950 -214.9242 837.6723 -3291.5780 2.7144 534.2830 -3293.0070 65.4449 236.8039 -3221.0780 95.4478 -36.9871 -3212.0750 85.7675 -97.8047 -3313.0650 -391.4990 542.8747 -3315.0370 -435.7521 233.5358 -3258.2420 -445.8227 -44.5009 -3254.8700 -434.3945 -114.5390 -3265.2970 -96.9346 -15.0810 -3358.3330 3.1751 -434.0139 -3417.0020 53.2262 -783.6667 -3285.1250 48.9942 -820.7257 -3280.4200 -278.6707 -18.2528 -3354.4620 -327.0176 -424.9131 -3411.2450 -346.9469 -793.3456 -3279.5840 -346.5694 -830.3274 -3293.5890 -193.8562 579.3403 -3202.0000 96.8686 -169.4778 -3149.0740 51.3504 -117.4402 -3263.8970 -441.9506 -199.0336 -3220.2310 -391.4476 -143.4519
81755750 -3314.3610 -190.0145 -16.9199 -3306.9540 -192.4835 327.0850 -3285.0660 -193.8555 661.7089 -3286.9360 -214.5120 837.8559 -3291.3870 2.7234 534.3061 -3291.9770 65.8351 237.4087 -3220.1550 96.4576 -35.7200 -3206.5630 86.9999 -101.2155 -3313.0970 -391.5240 543.2024 -3314.8340 -436.3321 232.8986 -3258.4110 -445.7586 -46.9106 -3255.6610 -436.5151 -111.3461 -3265.2050 -96.8546 -15.1873 -3357.5400 2.2676 -432.4197 -3417.6460 53.2203 -785.4424 -3285.8160 48.9396 -822.4800 -3280.2020 -278.6236 -18.4103 -3354.4360 -327.2403 -425.0210 -3411.0310 -346.9148 -793.1569 -3279.4130 -346.5863 -830.1367 -3293.1440 -193.7181 579.3641 -3204.7600 111.2472 -184.7900 -3163.4810 40.7147 -110.6815 -3263.2600 -439.8905 -195.3291 -3208.1780 -389.4494 -96.7965
81755784 -3314.2500 -190.1504 -16.8527 -3306.5550 -192.4820 327.2280 -3284.2090 -193.5804 661.9860 -3286.9210 -214.3407 838.0123 -3291.5450 3.8107 534.8187 -3290.8110 66.0352 237.0609 -3218.9970 99.3431 -32.4612 -3204.7340 93.1395 -97.7842 -3312.8180 -391.3896 543.1452 -3312.6350 -435.0482 231.4752 -3257.8180 -445.6503 -47.1168 -3252.1420 -436.3499 -115.8448 -3265.2720 -97.0823 -15.1687 -3357.8450 2.5789 -432.9373 -3417.8010 54.0055 -783.5519 -3286.0480 49.8241 -820.5992 -3279.7760 -278.7084 -18.2048 -3354.0020 -327.0618 -424.7884 -3410.9120 -345.4256 -793.8059 -3279.3750 -345.0058 -830.7664 -3292.4090 -193.5209 579.6064 -3198.3630 112.7521 -170.4430 -3156.0780 48.3352 -114.5659 -3249.3700 -421.0252 -213.1545 -3208.1310 -388.1617 -93.9910
81755817 -3313.8330 -189.6941 -16.8347 -3306.3210 -192.3043 327.3036 -3284.1420 -193.5750 662.0642 -3286.8820 -214.3787 838.0093 -3289.5820 4.5927 533.5788 -3290.6930 66.0426 237.1034 -3220.8650 101.0105 -26.1716 -3207.9840 89.5356 -96.6609 -3312.7640 -391.3760 543.0748 -3311.8850 -434.5509 232.1771 -3257.9790 -446.3658 -47.6727 -3251.9480 -439.2111 -114.6975 -3264.5690 -96.5065 -15.0352 -3357.5340 2.5851 -432.6955 -3417.6600 54.5040 -783.3899 -3285.9730 49.8890 -820.4125 -3279.6020 -278.3272 -18.2571 -3354.1990 -327.3648 -425.0931 -3410.8720 -345.3434 -794.0577 -3279.4020 -345.3523 -830.9892 -3292.3110 -193.4843 579.6859 -3208.1620 113.1239 -177.0940 -3158.9000 49.4662 -113.3337 -3270.0320 -429.6358 -220.4448 -3227.8330 -395.5724 -144.9692
81755850 -3313.7450 -189.9036 -16.9937 -3306.1650 -192.2967 327.2295 -3283.8560 -193.3539 662.0362 -3286.4660 -214.1311 837.7960 -3289.3910 4.5334 533.5844 -3290.2940 66.2318 237.2034 -3218.4740 99.7944 -29.1243 -3206.3050 92.3675 -97.1466 -3310.6870 -389.8806 542.3710 -3311.3000 -433.7857 232.1096 -3256.8950 -444.1841 -48.4253 -3252.7780 -434.7434 -114.2765 -3264.4870 -96.6321 -15.1920 -3357.0450 2.9281 -431.6679 -3417.6770 54.5202 -783.3806 -3286.0150 50.3292 -820.3775 -3279.5520 -278.6016 -18.4012 -3354.0110 -326.9885 -425.1502 -3410.8230 -345.2914 -794.4980 -3279.3800 -344.8768 -831.3988 -3292.0580 -193.3243 579.6434 -3196.4710 90.9411 -150.6797 -3157.5390 49.5478 -133.4988 -3233.5310 -420.4232 -226.8148 -3207.8340 -386.5934 -95.7992
81755884 -3313.7360 -189.7732 -17.0610 -3305.7640 -192.0056 327.1233 -3282.7940 -192.9175 661.9174 -3285.5950 -214.1052 837.8200 -3288.8740 4.3800 533.8080 -3289.9560 66.4312 237.1342 -3217.9830 99.7770 -29.6297 -3205.6290 94.0256 -97.8723 -3310.4250 -389.9615 542.1262 -3309.9250 -433.8201 233.0454 -3254.9870 -444.4053 -47.9555 -3252.5410 -434.5426 -116.6545 -3264.5490 -96.6067 -15.2988 -3356.9730 2.7969 -432.0888 -3418.2240 54.1761 -785.4386 -3286.6430 49.9163 -822.4299 -3279.4470 -278.1865 -18.4302 -3352.7510 -327.2592 -423.1049 -3410.7830 -345.3327 -794.8593 -3279.4160 -344.9907 -831.7716 -3291.1740 -192.9095 579.5263 -3198.9630 107.5404 -173.9781 -3156.3030 49.2904 -123.2264 -3244.3690 -423.3253 -209.8721 -3204.2660 -388.9126 -102.4718
81755917 -3313.8170 -189.8458 -17.2743 -3305.6160 -191.9149 326.8798 -3282.3330 -192.5752 661.5491 -3285.4060 -213.9770 837.7775 -3289.9530 3.5556 534.1535 -3289.8730 66.4820 237.2513 -3216.4240 100.3342 -30.9760 -3205.4590 90.8418 -98.5341 -3310.2450 -390.0653 542.1173 -3309.7260 -433.7465 232.7204 -3254.9930 -444.4804 -48.0856 -3253.9790 -436.4197 -114.4350 -3264.6010 -96.8013 -15.6926 -3356.9340 2.7156 -431.9543 -3419.3030 54.1368 -788.8596 -3287.7240 50.1651 -825.8287 -3279.5820 -278.1858 -18.5436 -3353.1480 -327.4639 -423.6884 -3410.7750 -345.3317 -794.8779 -3279.4030 -344.7024 -831.8027 -3290.7970 -192.6349 579.1895 -3205.3590 111.2579 -188.3479 -3160.0670 46.8897 -110.1855 -3251.3130 -444.9525 -195.0721 -3207.4890 -388.4965 -98.2431
81755950 -3313.1350 -189.8702 -17.4327 -3305.0590 -191.9512 326.7863 -3282.0740 -192.6496 661.5268 -3285.2320 -213.8755 837.6699 -3289.3130 3.8587 534.0366 -3288.1320 66.7753 237.4698 -3216.3340 100.3444 -30.9567 -3205.9260 93.2280 -98.3192 -3310.1010 -390.1072 542.1375 -3309.3630 -433.7222 232.9064 -3254.5370 -443.9253 -47.9566 -3251.1410 -436.3699 -113.8665 -3264.2890 -96.8306 -15.8437 -3356.3690 2.7960 -431.4302 -3418.9330 54.6968 -788.3550 -3287.4260 50.6097 -825.2783 -3278.5000 -278.1826 -18.6477 -3352.9200 -327.2451 -426.1791 -3410.7680 -345.3178 -794.8765 -3279.4680 -344.7974 -831.7507 -3290.4640 -192.6991 579.1540 -3176.3630 108.4727 -174.4830 -3168.3440 46.4368 -103.3006 -3257.3640 -442.7737 -191.4281 -3207.0200 -388.6824 -96.9183
81755984 -3312.8890 -189.8878 -17.3909 -3304.5790 -191.9037 326.8704 -3281.5120 -192.5766 661.6580 -3284.8460 -213.8526 837.6739 -3288.5730 4.7310 534.5248 -3287.4790 66.6544 237.2597 -3208.4640 95.0328 -82.1073 -3201.0720 89.9868 -125.6951 -3310.1720 -390.1919 542.0802 -3308.9910 -433.8728 233.2342 -3253.5650 -442.6711 -43.9602 -3251.2630 -433.7331 -116.0285 -3264.1150 -96.8543 -15.8130 -3355.7080 3.0940 -430.2391 -3417.1070 56.0326 -779.9935 -3285.6350 51.7381 -817.0016 -3278.2410 -278.1854 -18.5956 -3352.3950 -326.6256 -427.8444 -3411.2400 -344.1512 -799.6193 -3280.0050 -343.8371 -836.4402 -3289.9050 -192.6242 579.2764 -3206.0810 78.0334 -186.4921 -3168.1110 36.6248 -92.6005 -3249.2850 -429.1530 -201.3028 -3201.6360 -390.1993 -106.2084
81756017 -3311.9420 -189.8358 -16.8882 -3303.5830 -191.6923 326.9335 -3280.5480 -192.2700 661.3086 -3284.7550 -213.8246 837.6407 -3288.1520 4.9876 534.8032 -3287.3350 67.1419 238.1971 -3218.2360 97.5540 -28.1276 -3205.4860 94.7528 -98.3033 -3309.0840 -390.0074 542.9858 -3308.9360 -433.9379 233.2419 -3253.5150 -443.0159 -44.6019 -3249.6180 -436.7946 -116.6234 -3263.1000 -96.5468 -15.3804 -3355.7250 3.1290 -430.2451 -3417.2500 55.5264 -780.3237 -3285.8020 51.4100 -817.3061 -3277.4100 -278.3675 -18.0258 -3352.2320 -326.7618 -427.6691 -3411.3580 -344.2474 -799.0406 -3280.1440 -343.7601 -835.8459 -3288.9260 -192.3337 579.0331 -3206.4090 108.6666 -190.1605 -3147.0000 51.7843 -127.5065 -3245.2780 -440.7906 -201.0381 -3206.2170 -390.5709 -118.4449
81756050 -3311.8650 -189.6440 -16.8623 -3303.3650 -191.6805 326.7295 -3280.0170 -192.7131 660.5090 -3283.6720 -214.0245 837.0137 -3288.0410 5.1958 534.8622 -3287.1590 67.0931 238.1167 -3218.1030 97.7482 -28.1107 -3206.7730 92.6016 -97.5258 -3308.5030 -389.9627 542.9330 -3307.6420 -432.9594 233.5439 -3253.2980 -443.0217 -44.9914 -3251.1890 -434.5975 -110.6002 -3262.9100 -96.3625 -15.3001 -3350.7120 2.7907 -421.2924 -3417.6700 54.7711 -780.0144 -3286.2550 50.7760 -816.9991 -3277.4460 -278.1265 -18.0414 -3352.2010 -325.4214 -431.0714 -3411.2530 -343.9104 -798.5882 -3280.0730 -343.3141 -835.3959 -3288.4840 -192.6124 578.4276 -3200.7350 101.6093 -176.0688 -3158.8000 50.0365 -137.2782 -3256.3600 -450.1123 -189.8524 -3202.4610 -391.3291 -105.8627
81756084 -3311.6060 -189.6580 -16.8503 -3302.8880 -191.6024 326.6520 -3279.4580 -192.5364 660.3729 -3282.7350 -213.8804 836.7992 -3286.0580 4.1264 534.5065 -3287.0970 67.0136 238.5484 -3216.0880 97.7462 -30.9252 -3205.9530 85.5478 -104.5139 -3307.5520 -389.8410 542.6619 -3307.0540 -433.3368 232.6299 -3252.7470 -442.2923 -45.1707 -3253.1840 -436.6881 -113.0174 -3262.3760 -96.4560 -15.1764 -3350.5660 2.6411 -421.2268 -3415.2330 53.4819 -785.2587 -3283.9010 49.2399 -822.1717 -3277.3770 -278.1074 -18.0730 -3351.5230 -325.6464 -429.7740 -3411.4580 -343.9026 -798.6996 -3280.3470 -343.5684 -835.4987 -3287.9310 -192.4598 578.3010 -3203.8280 104.1886 -184.1730 -3159.1710 45.9220 -131.4936 -3247.2430 -457.1455 -189.3286 -3206.5230 -389.0181 -107.0183
81756117 -3311.1080 -189.5116 -16.8005 -3302.1010 -191.4568 326.4204 -3278.4930 -192.4349 659.8397 -3281.7930 -213.9601 836.5806 -3285.7760 4.3216 534.4792 -3286.2240 66.7677 238.4294 -3216.1100 98.0941 -30.3481 -3204.3630 90.2646 -101.0807 -3306.7340 -389.4209 543.0602 -3306.6200 -432.6729 232.9944 -3252.6000 -442.1089 -44.7772 -3249.8410 -434.2227 -112.3353 -3261.8470 -96.2801 -15.1024 -3350.5330 1.8628 -423.7111 -3415.8410 53.3269 -784.9276 -3284.5590 49.2189 -821.8348 -3276.9890 -277.9996 -18.0517 -3351.5910 -325.6564 -429.1647 -3410.7860 -343.5258 -799.1701 -3279.7270 -343.0630 -835.9513 -3287.0000 -192.3450 577.8415 -3202.9620 112.9608 -175.9367 -3161.9690 44.4564 -116.4165 -3253.4730 -446.2473 -190.6798 -3204.7960 -389.8836 -98.7505
81756150 -3310.8530 -189.4390 -17.0006 -3301.1770 -191.3035 326.1783 -3276.6930 -192.2061 659.7352 -3280.0820 -214.5908 835.9755 -3285.1410 4.5339 534.0690 -3285.5520 67.0170 238.3230 -3215.7590 98.1825 -30.6056 -3203.8430 90.3951 -100.6717 -3306.2200 -389.5674 543.0540 -3306.5600 -432.8553 232.8927 -3252.3970 -442.2498 -45.8143 -3249.1940 -437.8482 -115.2230 -3261.4290 -96.0932 -15.4476 -3350.2040 1.6659 -422.4331 -3416.3400 54.6873 -783.6841 -3285.1210 50.5384 -820.6495 -3276.8860 -277.9969 -18.1377 -3350.8170 -326.7649 -426.8238 -3411.6320 -345.7467 -797.3895 -3280.6350 -345.2842 -834.2361 -3285.4340 -192.1356 577.6851 -3191.1620 103.7087 -180.5706 -3161.0490 44.1302 -123.3984 -3229.6520 -441.9447 -195.6586 -3205.5050 -387.8545 -102.0461
81756184 -3310.6520 -188.6810 -16.2646 -3300.7470 -190.9651 326.3827 -3276.0280 -192.0922 659.6243 -3279.0800 -214.5181 836.0891 -3285.3710 5.2510 535.2346 -3284.5800 67.1616 238.1257 -3215.4030 98.6080 -30.5926 -3202.8980 89.6519 -97.9298 -3305.9670 -389.6198 543.4977 -3306.4590 -432.6963 233.5637 -3252.1120 -442.3919 -45.5523 -3248.2240 -435.3857 -111.9826 -3260.7790 -95.5238 -14.4899 -3349.9290 1.6091 -422.4221 -3417.9720 53.4912 -780.5303 -3286.7470 49.4699 -817.5491 -3277.1520 -276.9193 -17.4907 -3349.6420 -327.5324 -423.7017 -3411.0890 -347.8412 -787.7128 -3280.0750 -347.2382 -824.6790 -3284.8440 -191.9680 577.6563 -3205.6630 108.6399 -176.9775 -3158.9720 46.5951 -123.4067 -3246.2870 -430.9643 -192.2510 -3197.7480 -388.0109 -100.5198
81756217 -3310.5830 -188.5352 -16.2933 -3300.6030 -190.9106 326.3844 -3275.8280 -192.1495 659.6663 -3278.0630 -215.5279 836.1612 -3284.8740 5.1676 535.4920 -3283.9580 66.4468 238.9502 -3215.1740 98.7475 -30.6974 -3203.3200 90.5108 -100.2386 -3305.5910 -389.6401 543.3644 -3306.3340 -433.6340 232.5887 -3251.3510 -442.4232 -46.5528 -3245.7650 -433.5906 -113.0322 -3260.7460 -95.3986 -14.4796 -3350.0130 1.4467 -423.8690 -3418.6050 54.2016 -781.0299 -3287.4230 50.1375 -818.0327 -3277.0650 -276.7679 -17.5736 -3349.5380 -327.3429 -423.5190 -3411.3070 -346.9108 -788.9615 -3280.3360 -346.3537 -825.9022 -3284.6560 -191.9939 577.6855 -3200.6610 109.9377 -181.0678 -3158.9690 43.6129 -113.6520 -3240.7980 -455.2928 -195.8262 -3206.3340 -384.2261 -119.5545
81756250 -3310.3150 -188.6090 -16.3690 -3300.2780 -191.0961 326.5212 -3275.4830 -192.5598 660.1543 -3278.2470 -215.7983 836.6147 -3284.0070 4.7856 535.1672 -3284.0100 66.6854 238.6404 -3215.0560 99.6299 -31.1166 -3205.0900 87.0347 -101.1399 -3305.7820 -389.8219 543.0016 -3306.1310 -433.4077 232.5181 -3251.2190 -442.4025 -46.4059 -3248.7220 -432.5688 -113.3961 -3260.4500 -95.5118 -14.6319 -3350.4280 1.8086 -425.3308 -3418.9340 55.9560 -781.0225 -3287.8080 51.6155 -818.0172 -3276.8570 -276.8150 -17.5916 -3349.5630 -327.2914 -423.5649 -3411.5610 -345.6178 -791.9494 -3280.6530 -345.3326 -828.8485 -3284.3080 -192.3364 578.0646 -3203.1600 104.1745 -189.9610 -3158.4020 44.4147 -123.7906 -3251.1880 -440.8459 -194.7708 -3204.2910 -385.9338 -105.3668
81756284 -3309.7400 -189.3042 -16.0706 -3299.9670 -191.1747 326.6180 -3275.2890 -192.3331 660.1633 -3277.8770 -215.8461 837.1387 -3283.5300 3.8627 535.3114 -3283.9470 66.6353 238.5802 -3214.0470 101.3750 -29.8436 -3204.3710 90.7182 -95.2451 -3306.0410 -389.7173 543.9873 -3306.0890 -433.1245 232.9086 -3251.4270 -442.4220 -45.8626 -3249.2580 -433.7560 -114.9198 -3259.4680 -96.1979 -14.4350 -3350.6420 2.1128 -424.8655 -3420.1250 56.3271 -783.2291 -3289.0040 51.8056 -820.1893 -3276.6200 -277.5771 -17.2026 -3349.6210 -327.1938 -423.1443 -3411.3030 -345.8335 -791.9807 -3280.3960 -345.7226 -828.8657 -3284.1030 -192.1982 578.0917 -3203.6650 102.0320 -170.2935 -3161.0000 45.0714 -110.5621 -3237.6980 -438.1444 -189.7777 -3209.9610 -383.4871 -96.0136
81756317 -3309.5640 -189.1387 -16.4295 -3299.7260 -191.1177 326.2681 -3275.0810 -192.3683 659.8159 -3277.6150 -216.0020 836.8513 -3282.6110 3.8827 535.4297 -3283.6110 66.8092 238.2238 -3213.8390 100.7233 -30.2200 -3201.1740 89.8081 -102.7367 -3305.2700 -390.2790 542.6434 -3305.9350 -433.1641 233.0555 -3251.4070 -442.5933 -46.2414 -3247.1990 -434.4085 -113.0000 -3259.3390 -96.1102 -14.8431 -3350.6340 2.1669 -424.8358 -3419.9630 56.1072 -783.5732 -3288.8470 51.5400 -820.5321 -3276.4280 -277.3390 -17.5209 -3349.5440 -327.0708 -423.0803 -3409.2290 -345.4428 -796.1398 -3278.3370 -345.3834 -832.9768 -3283.8790 -192.2111 577.7424 -3203.4140 107.4738 -174.6550 -3160.0720 44.1254 -110.1980 -3250.8660 -437.5044 -194.0026 -3200.8680 -386.9198 -100.9691
81756350 -3309.6890 -189.0019 -16.5388 -3299.6990 -191.2340 326.2298 -3274.7920 -193.2627 659.8099 -3277.3340 -216.0446 836.7462 -3282.4740 3.7836 535.6244 -3283.4530 67.2219 237.0781 -3213.3300 100.0309 -30.9358 -3202.2920 87.9133 -101.2416 -3305.0160 -390.3376 542.6691 -3305.8890 -432.9369 234.9501 -3251.8770 -442.8414 -46.8507 -3250.8260 -437.5326 -115.8447 -3259.7780 -96.1232 -15.1030 -3351.7570 2.9496 -429.3486 -3420.0910 56.0830 -783.6479 -3289.0370 51.5414 -820.5978 -3276.4180 -276.9831 -17.5913 -3349.5700 -327.0672 -423.1553 -3409.3110 -345.3785 -795.9022 -3278.4790 -345.2946 -832.7336 -3283.6710 -192.8441 577.7177 -3193.9610 110.8551 -178.9570 -3170.0330 40.1033 -108.7620 -3247.2800 -439.9225 -196.7294 -3205.4330 -386.3769 -104.6116
81756384 -3309.4060 -188.5809 -16.8306 -3299.5020 -191.2071 326.0642 -3274.6590 -193.4403 659.6630 -3276.9600 -216.0116 836.7269 -3281.7750 3.5587 535.4488 -3283.2320 67.3054 237.2799 -3213.1070 100.2002 -30.8395 -3199.9510 89.4749 -97.7931 -3304.3000 -389.9977 543.1926 -3305.7180 -432.7628 234.7388 -3251.6970 -442.9753 -46.9186 -3247.0040 -433.8915 -112.4142 -3259.3650 -95.6687 -15.5781 -3349.4280 2.5071 -424.5512 -3419.4680 55.9494 -784.9590 -3288.4150 51.4158 -821.8885 -3276.2560 -276.6225 -17.7293 -3349.2680 -327.1512 -422.8673 -3408.8410 -344.5457 -794.9032 -3278.0030 -344.4640 -831.7398 -3283.5220 -192.9705 577.5734 -3196.4980 103.9740 -172.0908 -3160.9390 43.2861 -114.8889 -3251.1400 -445.8849 -186.6061 -3204.4930 -387.5462 -105.4689
81756417 -3309.2510 -188.6376 -17.2260 -3299.3570 -191.3144 325.9449 -3274.5640 -193.5593 659.6967 -3276.6880 -216.2951 836.5436 -3280.0040 2.9281 534.8052 -3281.6660 66.6169 237.1009 -3212.8550 100.0501 -30.5068 -3207.0010 90.9651 -82.0448 -3303.6190 -390.3907 542.3340 -3305.9910 -433.5619 234.1855 -3251.9020 -443.5797 -47.6919 -3251.1460 -438.6175 -112.0634 -3259.1100 -95.7757 -15.8960 -3349.2740 2.9158 -425.7751 -3419.3580 55.8179 -784.4471 -3288.3940 51.0208 -821.3492 -3276.2170 -276.6391 -18.2227 -3348.9700 -327.3318 -423.2250 -3409.7380 -346.0634 -792.0926 -3278.9850 -346.2297 -828.9297 -3283.4130 -193.0883 577.5744 -3208.6580 108.7533 -194.6659 -3154.5830 49.0284 -104.0150 -3255.4770 -443.3320 -198.7271 -3205.0120 -386.7300 -102.6421
81756450 -3309.2520 -188.6179 -17.2502 -3299.2120 -191.4506 325.8808 -3274.1540 -194.0801 659.5917 -3276.0150 -216.5159 836.4220 -3279.6810 2.8821 535.1906 -3281.9380 66.5760 236.7460 -3212.2990 98.9029 -32.8126 -3201.0190 93.2157 -90.6529 -3303.6240 -390.5006 542.2673 -3306.1300 -433.7824 233.9452 -3252.0700 -443.2498 -46.8754 -3249.8860 -436.3155 -115.1540 -3259.0260 -95.8454 -15.9080 -3348.0660 1.6455 -422.8899 -3418.7140 55.8875 -782.0309 -3287.8330 51.0070 -818.9395 -3276.3750 -276.4083 -18.3462 -3348.7780 -327.4315 -423.0844 -3409.5850 -346.7112 -792.1201 -3278.9220 -346.9523 -828.9382 -3283.0660 -193.5056 577.4777 -3205.3300 105.7179 -176.9539 -3154.0360 47.0160 -111.0453 -3249.0340 -418.0144 -227.9085 -3211.4550 -385.4185 -137.7184
81756484 -3308.6270 -188.4558 -17.0896 -3298.5020 -191.4015 326.0951 -3273.5870 -194.0685 659.8337 -3275.9000 -216.6303 836.3837 -3279.5010 2.8515 535.1288 -3281.7460 67.2452 237.5903 -3212.2150 98.9361 -32.8548 -3201.0060 88.4932 -104.9636 -3303.4390 -390.9485 542.3389 -3305.6920 -433.1784 232.3859 -3252.0180 -443.0763 -46.9005 -3250.5280 -439.2856 -114.9368 -3258.5570 -95.6174 -15.6629 -3348.4200 1.4464 -423.9488 -3418.6870 55.8953 -781.6309 -3287.8040 51.0236 -818.5416 -3275.5580 -276.3537 -18.2631 -3348.7140 -327.0284 -423.6579 -3409.3490 -345.8865 -793.9316 -3278.6880 -346.1283 -830.7271 -3282.4470 -193.4940 577.7183 -3195.1690 83.3602 -164.8813 -3162.3330 39.4348 -136.4113 -3243.8340 -433.2979 -195.6545 -3206.4800 -387.4921 -90.0867
81756517 -3308.3140 -188.5503 -17.2736 -3298.0360 -191.5366 325.8743 -3273.1300 -194.1596 659.6283 -3276.2840 -217.3430 836.6900 -3278.2750 2.3071 534.0356 -3281.7000 67.1821 237.5466 -3212.0180 98.7503 -33.4014 -3201.4250 87.9202 -106.1586 -3303.9100 -391.3841 542.3553 -3305.6920 -433.2415 232.5611 -3251.8840 -443.2390 -45.5428 -3246.9440 -436.5418 -116.5530 -3258.0490 -95.7404 -15.7340 -3348.5100 1.4716 -423.9852 -3418.3530 56.4014 -782.5621 -3287.4990 51.1296 -819.4774 -3275.3800 -276.4476 -18.5362 -3349.1670 -326.4698 -428.5666 -3408.6770 -345.6914 -796.5201 -3278.0500 -346.3296 -833.3011 -3281.9730 -193.6046 577.5063 -3187.3630 105.4103 -176.8210 -3160.8450 41.0673 -132.5563 -3239.8690 -428.6125 -199.2690 -3201.7330 -387.6191 -96.9315
81756550 -3307.6700 -188.7336 -17.4077 -3297.6440 -191.6493 325.7079 -3272.9960 -194.1792 659.4811 -3276.2110 -217.4735 836.7352 -3277.8490 1.6811 533.8713 -3281.1200 65.7673 236.4496 -3212.0580 98.3000 -33.8138 -3201.9880 89.2315 -102.2307 -3303.7950 -391.3816 542.4433 -3305.6930 -433.3049 232.1854 -3251.3530 -442.4607 -43.7137 -3246.4600 -433.4091 -119.7429 -3256.9270 -95.8274 -15.8267 -3350.3470 1.7081 -428.6998 -3418.0970 55.7104 -783.0782 -3287.2390 50.3681 -819.9688 -3275.0760 -276.6880 -18.6710 -3348.6410 -326.4738 -426.9613 -3409.9030 -346.1460 -796.3177 -3279.2700 -346.8587 -833.0856 -3281.7840 -193.6462 577.3527 -3207.1610 109.5593 -181.4395 -3154.2000 43.6376 -116.0445 -3247.5960 -449.5587 -196.1202 -3205.5120 -388.1976 -102.4290
81756584 -3307.6150 -188.8864 -17.4814 -3297.6230 -191.6707 325.7148 -3272.9940 -194.1211 659.5592 -3276.1630 -217.4893 836.6768 -3277.6530 1.5999 533.8602 -3281.0770 65.3962 236.5677 -3211.5180 97.6137 -34.5469 -3202.3870 84.7795 -92.8249 -3303.9660 -391.7657 542.3561 -3305.2740 -433.0584 232.5047 -3251.3370 -442.7395 -44.2289 -3247.5250 -433.6682 -117.7721 -3256.9570 -95.9122 -15.8855 -3348.8190 1.5300 -425.4832 -3418.2500 55.7832 -783.2391 -3287.4550 50.3587 -820.0991 -3274.8940 -276.9784 -18.7608 -3347.8140 -326.2870 -425.2931 -3409.4700 -346.3798 -795.6934 -3278.8980 -347.1707 -832.4379 -3281.7740 -193.6232 577.3977 -3190.1630 112.4908 -171.7470 -3160.6160 42.8889 -115.1907 -3259.5380 -423.8454 -206.4085 -3207.8140 -384.7924 -98.2645
81756617 -3307.5920 -188.9133 -17.5377 -3297.4650 -191.7387 325.6750 -3272.6730 -194.2004 659.5778 -3276.0560 -217.7941 836.9043 -3277.4890 1.5627 533.8510 -3281.1960 65.5737 236.3444 -3210.9120 98.0321 -34.5299 -3201.8880 89.3020 -97.8225 -3303.9500 -391.9558 542.3027 -3305.4060 -433.1223 232.5483 -3250.4640 -442.3349 -46.3731 -3246.5080 -433.4649 -117.2092 -3256.6470 -95.9798 -16.0462 -3348.1840 2.0049 -424.6691 -3418.2670 55.2683 -783.8168 -3287.5310 49.8176 -820.6581 -3275.0630 -277.0267 -18.8262 -3347.8200 -326.2863 -425.2852 -3409.4210 -346.3180 -795.7661 -3278.9070 -347.1417 -832.4974 -3281.4910 -193.7049 577.4000 -3202.9120 99.7946 -185.5770 -3167.1670 42.6654 -106.0793 -3249.5330 -435.8354 -193.9231 -3205.5900 -386.3979 -97.6620
81756650 -3307.2750 -189.0655 -17.4158 -3297.1550 -192.1212 325.8340 -3272.4820 -194.7949 659.7698 -3275.8540 -217.9536 837.3019 -3276.7600 0.5737 534.1424 -3280.7670 65.7037 236.4601 -3211.5450 98.1791 -34.2792 -3204.5200 88.6263 -98.6008 -3304.3900 -392.5379 542.2646 -3305.4180 -433.1912 232.4845 -3250.6230 -442.9711 -44.1356 -3245.8650 -434.8628 -117.0962 -3256.2270 -96.1181 -15.9569 -3348.1930 1.9631 -424.6870 -3418.0730 54.7280 -783.8324 -3287.3740 48.9936 -820.6668 -3274.8730 -277.1859 -18.6662 -3347.7300 -326.1383 -425.2967 -3409.0890 -347.5642 -790.0658 -3278.6000 -348.6618 -826.8527 -3281.2600 -194.2485 577.5865 -3185.6600 107.9563 -184.5840 -3162.7950 41.9306 -110.5476 -3234.8090 -437.7754 -192.5441 -3206.9020 -386.6523 -99.3851
81756684 -3307.2560 -189.0791 -17.4362 -3297.0270 -192.1640 325.8002 -3272.2410 -194.8336 659.7361 -3275.8620 -219.0136 837.6660 -3276.6250 0.3930 534.0422 -3280.2300 65.2581 237.0158 -3211.2540 97.3774 -37.5748 -3202.5900 87.3488 -96.9485 -3303.3390 -392.1860 541.5844 -3305.4460 -433.6340 232.6988 -3250.5140 -443.0386 -44.4291 -3247.1490 -436.7859 -114.4040 -3256.1640 -96.1219 -16.0072 -3348.4380 1.7744 -425.2122 -3417.9240 54.7065 -783.4377 -3287.2350 49.1755 -820.2697 -3274.8840 -277.2097 -18.6697 -3347.2670 -325.7469 -424.5776 -3408.9580 -347.0372 -791.8106 -3278.4840 -347.9379 -828.5716 -3281.0450 -194.2923 577.5533 -3174.1630 103.2072 -176.6721 -3159.7350 42.5729 -109.7862 -3238.1240 -451.9760 -186.4378 -3205.1250 -389.2581 -115.4904
81756717 -3306.5140 -189.7251 -17.4704 -3296.0340 -192.7619 325.8289 -3271.1580 -195.2536 659.8222 -3275.8670 -219.4614 837.7697 -3276.6420 0.0059 533.7087 -3280.1690 65.2776 237.0612 -3210.9380 96.9644 -37.9629 -3201.5570 84.8453 -93.6017 -3303.2310 -392.2461 541.7805 -3305.7340 -434.2928 233.1814 -3250.6020 -443.7094 -43.9379 -3248.3770 -438.6497 -113.7356 -3255.6250 -96.4751 -15.9213 -3347.8000 0.9703 -424.2756 -3417.8290 54.7978 -783.5980 -3287.1630 49.2968 -820.4310 -3273.9970 -278.2027 -18.8319 -3347.1960 -325.8890 -424.7844 -3408.9290 -347.0894 -791.9455 -3278.4780 -347.9584 -828.7080 -3279.9710 -194.7648 577.6293 -3193.8540 88.5289 -150.1263 -3164.6900 42.3411 -104.3828 -3236.9000 -449.5502 -187.2536 -3206.9130 -387.8416 -106.1259
81756750 -3306.4910 -189.6972 -17.6809 -3296.0260 -192.7722 325.8271 -3271.1470 -195.3383 660.0092 -3275.5510 -219.8407 838.1285 -3273.2640 -1.6922 531.6813 -3280.0580 65.3964 236.8291 -3211.6670 97.5403 -38.0528 -3200.9570 90.8852 -98.8834 -3302.7630 -393.0015 542.0817 -3305.3690 -434.0807 233.1010 -3250.3730 -443.3109 -45.3086 -3248.1340 -434.4677 -115.9184 -3255.5280 -96.4480 -16.1588 -3348.7490 1.1451 -426.2286 -3418.2110 54.8643 -784.7076 -3287.6100 48.6797 -821.5403 -3274.0620 -278.1724 -19.0085 -3347.2530 -325.9895 -424.6867 -3408.8660 -346.4007 -791.5618 -3278.4750 -347.9604 -828.3390 -3279.9570 -194.8235 577.7382 -3193.8280 121.3367 -171.9577 -3163.0520 42.4524 -111.8527 -3257.0370 -419.0563 -219.5808 -3205.5000 -386.2916 -133.0750
81756784 -3305.7200 -189.4646 -17.8557 -3295.6390 -192.7096 325.9167 -3270.9850 -195.3388 660.2589 -3275.7000 -220.0503 838.7504 -3273.0670 -1.4393 531.5173 -3279.9500 65.4196 236.5347 -3211.5970 97.6753 -38.0932 -3200.1480 85.6830 -98.8012 -3302.4170 -393.1545 542.6490 -3304.4180 -434.1909 234.2390 -3250.5880 -443.3778 -41.9640 -3245.7220 -436.6343 -113.8653 -3255.1570 -96.2477 -16.3726 -3350.7050 1.4455 -429.0026 -3417.1900 56.1240 -784.5756 -3286.6180 49.9830 -821.3616 -3272.8150 -277.9287 -19.0453 -3347.2220 -325.9660 -424.7198 -3409.2700 -345.8677 -791.7081 -3278.9060 -347.3755 -828.4390 -3279.7510 -194.8134 577.9478 -3198.1620 112.7713 -176.5448 -3161.7920 42.6361 -111.8273 -3228.6940 -446.2264 -185.3152 -3201.5330 -385.5386 -99.8563
81756817 -3305.7320 -189.6789 -17.7673 -3295.4930 -192.8041 326.0591 -3270.6000 -195.2782 660.5566 -3275.5650 -220.2884 838.8897 -3273.0520 -1.5663 531.8082 -3280.1970 65.7786 236.4904 -3211.2190 98.2501 -37.8255 -3201.9820 87.0694 -95.4552 -3302.2450 -393.2640 542.5743 -3304.3680 -434.1011 234.5004 -3250.4720 -443.3946 -42.3251 -3246.7520 -432.7489 -114.3876 -3255.1990 -96.4686 -16.2453 -3349.3700 0.8143 -423.9705 -3417.1120 56.4754 -784.1476 -3286.5440 50.3605 -820.9525 -3272.8320 -278.1368 -18.9817 -3348.0110 -325.9689 -425.7576 -3408.6550 -346.8840 -789.5613 -3278.2930 -348.3488 -826.3287 -3279.4350 -194.8063 578.2041 -3170.1610 129.0347 -167.7797 -3162.3090 42.7783 -112.8693 -3244.6370 -424.5900 -202.7962 -3203.5680 -384.3168 -107.6143
81756850 -3305.7200 -189.6664 -17.7646 -3295.4460 -192.7905 326.0735 -3270.5450 -195.2630 660.5822 -3275.5170 -220.5803 838.8812 -3273.2170 -1.9073 532.0306 -3280.2400 66.0072 236.9231 -3211.6990 99.0268 -37.0454 -3206.1660 87.9395 -98.2037 -3302.0600 -393.2690 542.7937 -3303.8730 -434.4387 234.4909 -3250.2790 -443.8871 -43.4551 -3244.5730 -433.1676 -119.6233 -3255.5210 -96.4332 -16.3030 -3349.4960 1.5025 -424.0931 -3416.5670 56.5591 -784.5963 -3286.0500 50.5242 -821.3674 -3272.3510 -278.0430 -18.8681 -3348.5680 -326.0045 -426.4890 -3410.3600 -345.5684 -793.7066 -3280.0550 -346.9701 -830.4052 -3279.3790 -194.7915 578.2296 -3208.6630 95.5904 -185.9057 -3162.0780 43.0805 -111.3993 -3234.2010 -424.9068 -207.7383 -3200.1250 -384.0858 -103.3731
81756884 -3305.6350 -189.6317 -17.6695 -3295.2910 -192.9802 326.2742 -3270.3570 -195.9015 660.9745 -3275.2300 -220.6602 839.0400 -3273.1880 -2.2888 531.8677 -3280.1590 66.0673 236.8342 -3212.0910 98.6699 -36.0605 -3203.2380 92.1826 -100.3149 -3302.9680 -394.2540 542.9871 -3303.9970 -434.2736 234.5940 -3250.1250 -444.4271 -42.4862 -3246.0820 -434.8362 -110.0674 -3255.3740 -96.3897 -16.1610 -3349.8910 1.8907 -424.8630 -3416.7370 56.2162 -784.8134 -3286.2820 49.9775 -821.5726 -3272.3340 -278.0225 -18.8147 -3350.4950 -325.3571 -429.1691 -3409.8220 -344.4158 -797.2286 -3279.5870 -346.0388 -833.8771 -3279.1900 -195.2975 578.5748 -3192.2880 114.6928 -172.9669 -3162.8290 43.2279 -110.2033 -3245.0330 -437.4836 -187.7413 -3203.1630 -385.5723 -103.9724
81756917 -3305.6590 -189.8587 -17.6698 -3295.2960 -193.0214 326.2402 -3270.3900 -195.8342 660.8616 -3275.0070 -220.6655 839.1284 -3272.9910 -2.5732 532.0275 -3280.3850 66.3301 237.0946 -3213.4530 96.6081 -36.0825 -3204.3390 87.4812 -100.3280 -3303.6710 -395.0174 543.5146 -3304.2530 -435.0478 233.7835 -3250.0830 -444.4094 -42.3752 -3248.6810 -432.6765 -116.2618 -3255.4770 -96.5680 -16.1942 -3349.7900 1.7922 -424.6414 -3416.8040 56.1673 -784.8187 -3286.3640 49.7278 -821.5818 -3272.3090 -278.3455 -18.7677 -3350.1170 -325.7128 -427.8439 -3409.6540 -344.8718 -796.7052 -3279.4340 -346.6906 -833.3628 -3279.2090 -195.2726 578.5014 -3187.1630 108.0106 -174.4873 -3162.0200 43.1081 -110.9853 -3242.0350 -428.1871 -201.9734 -3201.7820 -384.6909 -107.2218
81756950 -3305.8790 -190.0813 -17.6577 -3295.2800 -193.0321 326.2789 -3270.0730 -195.5842 661.0939 -3274.8910 -221.0563 839.5490 -3272.9860 -2.5037 531.9733 -3280.2670 66.1658 237.2287 -3212.4070 96.7233 -35.6489 -3196.9960 87.5083 -100.0633 -3303.6720 -395.0799 543.5137 -3303.7410 -434.8381 234.1719 -3250.5710 -444.4712 -43.5480 -3247.2260 -435.1445 -116.6078 -3255.6380 -96.8348 -16.2438 -3349.9820 1.6966 -424.8153 -3415.3930 55.4967 -779.4362 -3284.9980 49.0666 -816.2509 -3272.6960 -278.5569 -18.6726 -3350.5650 -325.7151 -428.3034 -3409.5690 -344.7988 -796.9123 -3279.4060 -346.6164 -833.5635 -3279.0040 -195.1303 578.6696 -3185.6620 116.6717 -171.5033 -3163.2870 42.2194 -112.2267 -3252.2570 -430.8489 -203.3492 -3206.2280 -384.8549 -111.9431
81756984 -3305.8380 -190.0461 -17.6416 -3294.9100 -193.2401 326.6785 -3269.1530 -196.3922 662.3274 -3274.7360 -221.1215 839.8320 -3273.1770 -2.3582 532.4610 -3280.1180 66.4409 237.5495 -3212.4000 97.7713 -32.7169 -3201.9000 88.9883 -100.0803 -3302.3730 -394.9969 543.0159 -3303.0380 -434.6762 234.1863 -3249.9440 -444.2159 -43.7982 -3244.7160 -436.0775 -114.5784 -3255.6380 -96.8353 -16.2265 -3349.8940 1.8120 -424.9147 -3415.4700 55.3645 -779.6592 -3285.0700 49.2743 -816.5026 -3272.5780 -278.4332 -18.6695 -3350.5560 -325.7097 -428.3307 -3409.9020 -345.1563 -796.3570 -3279.7330 -346.6316 -833.0462 -3278.2270 -195.7545 579.6676 -3206.1570 98.4285 -201.8257 -3157.1760 46.3633 -118.6605 -3243.2320 -429.6987 -207.9901 -3203.0230 -387.2920 -111.3910
81757017 -3305.9080 -189.6870 -17.6370 -3295.0370 -193.3708 326.8427 -3269.8130 -197.6278 663.0143 -3274.6740 -221.3546 840.0007 -3273.3930 -2.9465 533.0834 -3278.8680 66.2808 238.3116 -3212.9170 99.1004 -29.3803 -3199.1140 92.3167 -100.4368 -3302.3420 -395.0599 543.1106 -3303.0850 -434.8824 234.2950 -3247.9160 -443.2426 -42.0414 -3241.6290 -433.0195 -111.3838 -3255.7020 -96.6274 -16.1288 -3351.5870 2.1352 -428.0312 -3415.3760 55.0024 -779.3570 -3285.0000 48.9638 -816.1667 -3272.7120 -277.8416 -18.8092 -3350.3730 -325.5955 -428.1067 -3409.9450 -345.3742 -795.9834 -3279.8000 -346.7996 -832.6401 -3278.7020 -196.6118 580.2028 -3195.5630 105.6940 -175.5381 -3165.3080 41.7028 -103.0850 -3255.7060 -421.8701 -204.6659 -3214.1430 -383.5815 -150.3010
81757050 -3305.8110 -189.7423 -17.6730 -3294.6830 -193.6487 327.0473 -3269.1880 -198.0186 663.5120 -3274.3210 -221.5385 840.2505 -3272.9250 -2.8600 532.7820 -3279.0270 66.6042 238.4976 -3213.1270 98.0699 -29.0423 -3201.7750 87.9958 -97.1454 -3302.3050 -395.0449 542.9182 -3303.4150 -435.0483 235.0124 -3247.8480 -443.4135 -42.6157 -3248.8130 -437.9192 -114.6683 -3255.3920 -96.6849 -16.1470 -3350.7700 1.7750 -427.0623 -3415.0660 54.0213 -772.4419 -3284.6800 47.8896 -809.3589 -3272.7220 -277.9071 -18.8542 -3350.5740 -325.5546 -428.7446 -3409.8810 -345.4323 -795.9958 -3279.7420 -346.9610 -832.6843 -3278.1390 -196.9953 580.6373 -3204.1620 99.8319 -185.6484 -3162.6040 43.2452 -110.1712 -3257.6320 -438.7263 -194.7065 -3199.9600 -388.4385 -106.0026
81757084 -3305.8960 -189.6704 -17.7022 -3294.6960 -193.6311 327.0397 -3269.1820 -197.9580 663.4637 -3274.0430 -221.6955 840.0868 -3272.9240 -2.8610 532.7596 -3279.6950 66.8602 238.6662 -3212.6120 98.3397 -28.8495 -3199.0320 89.4327 -100.1951 -3302.4750 -395.6530 542.5029 -3303.1530 -435.0064 235.0500 -3247.6570 -443.4694 -36.5429 -3249.3270 -436.3495 -110.8266 -3255.4030 -96.6713 -16.1606 -3349.0990 0.8514 -423.8923 -3417.3310 52.0429 -776.3523 -3286.9300 45.8974 -813.2496 -3273.0250 -277.7202 -18.8926 -3350.5620 -325.5296 -428.7047 -3409.4470 -346.0594 -791.4694 -3279.2770 -347.6165 -828.2241 -3278.1400 -196.9560 580.6087 -3194.7260 98.1709 -150.1875 -3212.0000 87.0546 -134.4574 -3248.3670 -429.7876 -204.1951 -3202.4880 -387.2589 -112.0688
81757117 -3305.7640 -189.5423 -17.7313 -3294.5060 -193.4309 326.8526 -3268.8970 -197.3988 662.7607 -3273.2960 -221.7726 839.2098 -3272.2250 -2.8774 532.7561 -3279.1710 66.6506 238.7182 -3211.2450 99.7230 -27.2360 -3199.7830 90.0678 -95.4614 -3301.7320 -395.9195 541.4667 -3303.1790 -435.1040 235.0434 -3247.5390 -442.6159 -41.8937 -3247.5810 -431.1937 -114.6910 -3255.3980 -96.5037 -16.1010 -3346.0980 1.0733 -418.1809 -3417.5870 53.3492 -779.0521 -3287.1900 47.1899 -815.9269 -3272.6760 -277.6153 -19.0597 -3350.2610 -325.9414 -428.0316 -3410.6540 -345.9871 -794.4113 -3280.4860 -347.5461 -831.1434 -3277.8790 -196.5242 580.0859 -3184.9620 115.7636 -171.4734 -3153.8130 47.3194 -109.6894 -3252.7810 -434.0950 -208.1385 -3202.6330 -387.2433 -115.5151
81757150 -3305.7530 -189.2581 -17.6799 -3294.4360 -193.2854 326.8064 -3268.7470 -197.2095 662.5166 -3273.1310 -221.8490 839.0167 -3272.4340 -2.9642 532.9925 -3279.3130 66.4913 239.1442 -3213.9430 100.6199 -20.2935 -3206.1200 91.2023 -95.3315 -3300.6020 -394.6001 540.7070 -3303.1950 -435.0790 235.0709 -3247.9060 -442.7607 -42.2064 -3247.5760 -434.7947 -115.0890 -3254.9320 -95.7567 -15.6078 -3346.1180 1.0212 -418.0814 -3417.6560 53.2649 -778.7222 -3287.2530 47.3899 -815.5923 -3272.9920 -277.4315 -19.2398 -3350.2450 -325.1595 -429.2229 -3411.3310 -345.4353 -795.9685 -3281.1610 -346.7185 -832.6768 -3277.7550 -196.3541 579.9090 -3200.4950 112.8614 -175.2165 -3156.2280 46.6367 -109.3134 -3245.7020 -420.5474 -215.8621 -3199.5000 -383.8465 -102.1593
81757184 -3305.7200 -189.2927 -17.7235 -3294.3820 -193.3013 326.7829 -3268.6790 -197.1746 662.4870 -3272.6690 -222.2203 838.7366 -3272.3720 -2.9792 532.9417 -3278.9990 66.3045 239.7887 -3213.3120 95.9137 -26.9587 -3205.4860 87.5315 -98.0890 -3300.9870 -395.1551 541.1169 -3303.2750 -434.7043 234.0803 -3247.4050 -442.6314 -44.0607 -3243.8640 -432.4256 -115.0083 -3254.8640 -95.8346 -15.6165 -3346.5630 2.1901 -419.3908 -3418.3140 54.1152 -781.5928 -3287.9440 48.1396 -818.4282 -3273.0050 -277.4684 -19.3516 -3349.9990 -325.4129 -428.5522 -3410.9960 -345.2773 -796.5107 -3280.8530 -346.6531 -833.2072 -3277.6920 -196.3356 579.8824 -3204.4070 108.7487 -171.4735 -3156.5570 46.1331 -108.4197 -3252.3110 -445.0800 -200.2024 -3200.8150 -388.6376 -124.2693
81757217 -3305.6780 -189.3250 -17.6020 -3294.3470 -193.5249 326.9171 -3268.7090 -197.6281 662.5613 -3272.6020 -222.6793 838.7421 -3272.4070 -3.1965 533.1078 -3279.3480 66.5216 239.5456 -3213.7820 96.4274 -25.9025 -3205.0110 91.7295 -96.5052 -3302.0580 -395.8240 541.4996 -3303.5650 -435.1217 233.5545 -3247.3180 -442.6399 -44.0737 -3246.2820 -433.7362 -116.8474 -3254.7470 -95.9217 -15.2720 -3346.9410 2.0375 -421.3393 -3418.3160 54.1129 -781.6303 -3287.9760 47.9015 -818.4634 -3273.0100 -277.4841 -19.3370 -3350.3890 -325.3246 -428.7791 -3410.7620 -345.4987 -796.7549 -3280.6510 -347.1077 -833.4462 -3277.7000 -196.7260 579.9766 -3195.8270 115.5991 -174.9551 -3160.6260 45.0555 -109.9080 -3244.8320 -428.1274 -208.1156 -3203.0460 -386.6925 -110.3051
81757250 -3305.9290 -189.1162 -17.4914 -3294.6430 -193.6090 327.1361 -3269.2400 -198.0786 662.9634 -3273.4510 -223.2090 839.6528 -3273.3230 -3.1215 533.6249 -3279.7360 66.5255 238.9365 -3213.9560 96.4030 -25.7322 -3205.0610 89.9024 -99.5436 -3302.1780 -396.0613 541.5728 -3303.6960 -435.1421 233.4166 -3248.8850 -442.3605 -40.8175 -3249.3530 -434.7780 -114.6553 -3255.4870 -95.6719 -15.0318 -3346.7120 1.9886 -420.9269 -3418.3210 54.2960 -781.7921 -3287.9740 48.2738 -818.6042 -3273.0600 -277.3433 -19.3032 -3350.6070 -325.0952 -429.5174 -3410.7090 -345.2235 -797.5001 -3280.5930 -346.6446 -834.1640 -3278.1590 -197.0686 580.3257 -3185.7610 121.0449 -168.0169 -3164.4640 43.2713 -113.1676 -3250.8300 -439.5541 -195.1792 -3204.9660 -387.1350 -96.2051
81757284 -3305.8660 -189.2540 -17.6639 -3294.5940 -193.8473 327.0957 -3269.2220 -198.3786 663.0258 -3273.2580 -223.3318 839.8615 -3273.2870 -3.3420 533.3944 -3279.9260 66.5521 239.0494 -3212.9410 96.4342 -27.1202 -3199.4010 87.2578 -95.8590 -3302.6160 -396.7224 541.7518 -3302.9590 -434.3076 234.8799 -3248.9200 -442.8412 -40.7675 -3247.8720 -434.8227 -116.4520 -3255.3460 -95.9219 -15.2133 -3348.3470 2.0357 -424.8324 -3418.0950 54.9857 -781.8154 -3287.7760 48.8564 -818.6191 -3273.0720 -277.4415 -19.5111 -3350.4680 -325.1469 -429.5991 -3410.1100 -344.9208 -798.2296 -3280.0210 -346.4440 -834.8763 -3278.1320 -197.3582 580.3615 -3195.1600 121.4038 -172.0131 -3156.5790 45.8247 -105.7247 -3254.3610 -436.4591 -210.5058 -3211.8640 -381.9032 -103.3363
81757317 -3306.2300 -188.9442 -17.8020 -3294.7370 -193.8026 327.0931 -3269.2910 -198.4013 663.0549 -3273.0140 -223.4803 839.8400 -3273.9330 -3.0731 533.4883 -3280.0790 66.4914 239.0766 -3212.8000 96.4040 -27.1807 -3203.0060 91.7684 -98.2995 -3303.2250 -397.0651 541.4765 -3303.9610 -434.8527 234.9201 -3249.2210 -443.5570 -40.3480 -3247.1500 -431.0598 -110.8026 -3255.8890 -95.7080 -15.3018 -3349.5110 2.3642 -426.3144 -3417.7260 54.6833 -782.0351 -3287.4140 48.5708 -818.8477 -3273.3430 -277.0550 -19.7228 -3350.3390 -325.0956 -429.6898 -3410.9020 -348.2160 -792.7857 -3280.8100 -349.6877 -829.5069 -3278.2110 -197.3700 580.3842 -3201.3540 114.4071 -174.8253 -3156.1510 46.4095 -109.4451 -3234.7760 -438.2318 -204.7975 -3204.7270 -385.8311 -106.6235
81757350 -3306.2560 -188.9574 -17.7122 -3294.7690 -193.7940 327.0668 -3269.4520 -198.2523 662.6479 -3272.9700 -223.5506 839.8284 -3274.6020 -3.1211 534.2128 -3280.5750 66.1599 240.9822 -3213.9660 95.9635 -27.2355 -3210.1840 86.6644 -93.7812 -3303.2460 -396.9834 541.5468 -3304.2700 -434.7783 235.0741 -3250.2490 -444.2029 -37.1290 -3251.7110 -438.2868 -108.0501 -3255.8880 -95.7496 -15.2242 -3349.5880 2.2810 -425.9760 -3417.7530 54.7624 -782.0123 -3287.4480 48.7947 -818.8045 -3273.4200 -277.0530 -19.6123 -3350.3210 -325.1927 -429.0950 -3410.8230 -347.4085 -793.4258 -3280.7390 -348.7440 -830.1189 -3278.3310 -197.2774 580.1190 -3208.7720 111.8545 -174.3134 -3157.7170 45.8526 -109.1866 -3245.3120 -449.1875 -180.7954 -3197.8190 -393.3018 -117.5902
81757384 -3306.5370 -188.8573 -17.9297 -3294.8080 -193.5825 326.8168 -3269.1480 -197.6584 662.1561 -3272.7130 -223.5767 839.5413 -3274.6210 -3.4412 533.9944 -3280.0090 67.0894 241.0223 -3211.8890 93.7986 -33.7685 -3204.6450 90.1077 -93.6616 -3303.4170 -397.1664 541.6142 -3304.3570 -434.8506 234.9184 -3250.3620 -444.3332 -37.8298 -3248.3200 -435.6208 -108.8204 -3256.0110 -95.8318 -15.4203 -3348.2260 1.6114 -422.5395 -3417.6120 55.3033 -781.8505 -3287.3200 49.2921 -818.6664 -3274.0570 -276.6550 -19.9095 -3350.3130 -325.1451 -428.9744 -3410.4690 -347.7864 -792.4666 -3280.3970 -349.1542 -829.1917 -3278.1440 -196.8092 579.6981 -3203.3600 109.4457 -179.4667 -3154.8240 44.3624 -111.6660 -3260.0370 -419.4541 -210.8851 -3200.7150 -386.9929 -98.4332
81757417 -3306.5570 -189.4281 -17.6174 -3294.8090 -193.6668 326.9130 -3269.1430 -197.5731 662.2051 -3272.5270 -223.6299 839.6821 -3274.6270 -3.4749 533.9720 -3280.1800 66.9466 241.0293 -3211.1520 94.6717 -29.3307 -3206.0360 85.9113 -100.1918 -3303.0850 -395.6747 542.8660 -3303.9810 -434.2157 235.7132 -3250.0410 -443.5458 -41.9333 -3249.5560 -435.0468 -113.8229 -3255.9340 -96.5978 -15.1350 -3348.9180 1.0270 -423.6111 -3417.7130 54.9559 -781.1118 -3287.4140 49.0194 -817.9329 -3274.1660 -277.1425 -19.5637 -3350.2990 -325.2600 -428.4222 -3410.4550 -347.9492 -791.0172 -3280.3730 -349.2440 -827.7549 -3278.1400 -196.7756 579.7390 -3198.3430 108.7645 -172.9959 -3160.4460 43.9492 -111.0958 -3259.0270 -440.6390 -201.8952 -3234.5000 -385.3700 -165.1124
81757450 -3306.6270 -189.3720 -17.6581 -3294.8370 -193.7066 326.8488 -3269.1350 -197.7574 662.0355 -3272.4300 -223.5989 839.4948 -3274.6440 -3.4377 533.6151 -3280.2160 66.8185 240.7452 -3214.1520 95.5930 -31.3636 -3207.9260 89.2307 -102.4994 -3303.1710 -395.5579 541.9378 -3304.0480 -434.1769 235.7105 -3250.0110 -443.5376 -41.8704 -3248.2410 -433.9830 -113.6216 -3256.0070 -96.5593 -15.2494 -3348.5560 1.3366 -422.5431 -3417.4600 55.6948 -779.1870 -3287.1600 49.7245 -816.0329 -3274.2510 -277.0751 -19.5518 -3350.6040 -325.0486 -429.7972 -3410.0650 -347.7380 -791.1938 -3279.9870 -349.0599 -827.9329 -3278.1450 -196.9125 579.6000 -3208.6730 111.3331 -174.7136 -3163.4140 40.2363 -116.6125 -3247.1680 -448.8116 -187.8506 -3204.0320 -388.6686 -107.9511
81757484 -3306.7180 -189.3617 -17.6037 -3294.9100 -193.7020 326.8477 -3269.2200 -197.7264 661.9774 -3272.4020 -223.5135 839.6458 -3274.7810 -3.4636 533.4610 -3280.7790 66.8322 240.1026 -3214.0510 95.6945 -31.4424 -3204.5410 85.5905 -102.0667 -3303.1850 -395.5783 541.9667 -3303.9140 -434.2825 235.6627 -3249.9100 -443.2152 -42.6926 -3249.1800 -433.4046 -116.4548 -3256.4400 -96.5803 -15.2666 -3348.5470 1.5446 -423.0178 -3417.2960 55.9890 -780.4144 -3286.9970 50.0469 -817.2454 -3274.2170 -277.0587 -19.4284 -3350.5680 -325.0867 -429.4249 -3409.8530 -347.5836 -791.9644 -3279.7750 -348.8757 -828.6934 -3278.2230 -196.8897 579.5579 -3206.7600 104.2899 -181.4186 -3159.5480 43.4749 -111.3227 -3254.6980 -427.6195 -213.4809 -3218.4450 -383.9582 -147.7309
81757517 -3306.8650 -189.3393 -17.4234 -3295.2730 -193.6677 327.0786 -3269.9180 -197.6006 662.2571 -3273.8260 -223.3510 839.4457 -3277.1620 -2.3515 534.8417 -3281.6070 66.2233 240.3400 -3213.2710 94.9438 -33.5010 -3208.3330 90.1976 -98.2760 -3303.7070 -395.8105 542.3813 -3304.2820 -434.5685 235.5144 -3249.6830 -443.3316 -42.9713 -3250.6690 -436.0125 -109.4632 -3256.7190 -96.5110 -15.0760 -3348.8770 1.7104 -422.9965 -3417.2140 56.3973 -780.6116 -3286.9030 50.9083 -817.3915 -3274.2630 -277.0881 -19.2575 -3350.0310 -325.6952 -426.8582 -3409.6460 -347.1413 -791.0111 -3279.5520 -347.9802 -827.7012 -3278.8190 -196.7909 579.8203 -3207.4930 104.3171 -181.4617 -3160.8560 43.5742 -111.1522 -3257.5330 -436.9374 -186.2406 -3211.2070 -385.4893 -94.6116
81757550 -3306.6790 -189.4830 -17.2110 -3295.3670 -193.8281 327.2443 -3270.4900 -197.8568 662.4863 -3274.7980 -223.2485 839.4856 -3277.4860 -2.1018 534.9639 -3282.8410 65.7277 243.2920 -3214.7920 95.8425 -31.8321 -3206.3550 85.1954 -100.7985 -3303.8150 -395.7687 542.2769 -3304.4400 -434.9752 235.0409 -3249.6120 -442.6850 -41.7832 -3251.3680 -435.8220 -115.7858 -3256.3710 -96.7018 -14.7527 -3348.7110 1.5269 -423.0338 -3417.1330 56.7655 -781.0126 -3286.8230 51.3281 -817.7473 -3274.1670 -277.2157 -19.1277 -3349.6510 -326.2319 -424.6701 -3409.5700 -346.9961 -790.9096 -3279.4770 -347.7808 -827.5599 -3279.2270 -197.0160 580.0270 -3210.6620 100.0419 -177.2438 -3194.8890 48.8562 -98.0831 -3254.2260 -438.2194 -208.7109 -3207.7780 -384.9588 -115.7514
81757584 -3306.6000 -189.5808 -16.9471 -3295.4150 -193.9330 327.3532 -3270.6380 -197.9691 662.5027 -3275.2520 -222.8377 839.2886 -3279.2980 -1.2666 535.2015 -3283.5540 65.1448 244.9975 -3213.0230 98.2661 -29.2867 -3202.9570 87.6098 -101.6846 -3303.9800 -395.5257 542.5643 -3304.8710 -434.7409 234.2769 -3249.9240 -442.8060 -41.5855 -3249.6400 -433.1379 -113.3221 -3255.8570 -96.8601 -14.1923 -3347.7800 1.3941 -420.6218 -3417.4630 56.3650 -780.9092 -3287.1420 51.3362 -817.6160 -3274.2910 -277.3184 -18.9754 -3349.7960 -326.1597 -424.6154 -3409.3820 -346.3257 -792.0089 -3279.2810 -346.7140 -828.6168 -3279.3450 -197.1215 580.0649 -3202.1610 110.7102 -174.5840 -3167.1290 42.3767 -109.9038 -3242.4730 -437.8481 -194.9706 -3208.5160 -385.2659 -93.0570
81757617 -3306.1260 -189.5891 -16.9985 -3295.5020 -193.8608 327.3156 -3272.1030 -197.3174 662.2766 -3275.6920 -222.6821 839.3323 -3279.6070 -1.5674 535.2446 -3283.6080 65.0861 244.8655 -3214.3210 99.0741 -28.6721 -3207.6040 90.8550 -101.7523 -3303.9430 -395.4269 541.5878 -3304.9510 -434.2880 234.3489 -3249.8280 -442.1778 -42.3910 -3249.4500 -432.0859 -108.3009 -3255.6900 -96.6923 -14.2258 -3347.0850 1.7297 -418.3320 -3417.2740 56.0872 -782.5363 -3286.9310 51.1334 -819.1367 -3273.1750 -277.7527 -19.1074 -3349.0440 -326.2310 -422.4030 -3408.8380 -346.4853 -792.2656 -3278.7130 -346.7996 -828.7812 -3280.3180 -196.6660 579.8937 -3196.3580 110.9372 -184.3208 -3158.6330 42.2643 -111.6104 -3240.4050 -440.1548 -184.1507 -3209.1900 -383.9503 -97.8171
81757650 -3306.0750 -189.5854 -16.9948 -3295.5040 -193.8707 327.3164 -3272.1290 -197.3614 662.2760 -3276.8890 -221.8548 839.2686 -3279.9240 -1.9798 535.4455 -3283.8190 64.9578 244.7540 -3215.3440 97.0838 -31.2891 -3203.9440 88.0949 -102.4313 -3303.9230 -395.2886 541.2382 -3304.8220 -434.4659 233.8134 -3249.7790 -442.5012 -42.5286 -3249.2470 -436.9691 -110.8512 -3255.6250 -96.5804 -14.2459 -3347.6570 1.9197 -419.6867 -3417.5540 54.7019 -779.8676 -3287.1950 49.8290 -816.4955 -3273.1010 -277.8472 -19.0885 -3348.9800 -326.1160 -422.6804 -3408.2560 -346.3120 -789.2239 -3278.1120 -346.5618 -825.7689 -3280.3420 -196.6994 579.8929 -3204.3610 105.9641 -179.5321 -3192.0000 63.7454 -129.0005 -3239.1500 -447.6884 -185.1885 -3205.1330 -387.2058 -109.7859
81757684 -3306.0670 -189.4652 -16.7647 -3295.7530 -193.6736 327.5464 -3272.6780 -197.0235 662.5046 -3278.8880 -221.8908 839.9235 -3280.1250 -2.1478 535.5355 -3284.0270 64.8511 244.5581 -3215.9510 97.1735 -31.7838 -3206.1850 85.9424 -94.6224 -3306.3060 -396.2839 543.0385 -3305.3330 -434.5445 234.0620 -3249.5070 -442.6727 -43.0407 -3250.2400 -432.1501 -112.1135 -3255.3460 -96.2737 -13.9002 -3348.6800 2.2614 -421.8087 -3417.6640 55.1868 -780.6075 -3287.3220 49.8263 -817.2199 -3273.3370 -277.8125 -18.8579 -3348.9010 -326.4955 -422.2685 -3408.1350 -346.1270 -789.1677 -3278.0080 -346.8609 -825.7052 -3280.8370 -196.3882 580.1270 -3200.4110 108.4821 -176.6837 -3162.2900 44.5374 -101.0666 -3253.5390 -414.1889 -214.9194 -3213.6580 -377.0926 -101.0480
81757717 -3306.0840 -189.5190 -16.7642 -3295.9360 -193.7481 327.5233 -3273.0340 -197.0815 662.4398 -3280.1140 -222.1131 839.8445 -3280.5630 -2.1403 535.7436 -3284.4720 65.8601 243.3368 -3216.2750 97.2188 -30.8201 -3207.5350 90.7161 -95.3711 -3305.9580 -395.8876 542.3005 -3305.7780 -434.1508 232.3078 -3249.4800 -442.8625 -43.5159 -3248.5970 -435.7808 -114.0093 -3255.4450 -96.2961 -13.9436 -3348.2870 2.2304 -421.5692 -3417.0070 55.4884 -782.6165 -3286.6440 50.2934 -819.1923 -3273.3020 -277.9727 -18.8234 -3347.8770 -327.0407 -421.8392 -3407.9170 -345.9223 -789.9619 -3277.7650 -346.4895 -826.4774 -3281.1690 -196.4517 580.0692 -3196.9100 112.7107 -174.2862 -3158.4480 42.5549 -112.8541 -3235.6320 -428.6228 -202.2116 -3201.5000 -385.0350 -113.3574
81757750 -3306.9010 -189.0802 -16.4065 -3296.4230 -193.3767 327.5958 -3273.1880 -196.7813 662.3416 -3281.3160 -221.8558 840.2217 -3285.5610 -1.5179 535.9428 -3284.8980 65.4896 243.4706 -3217.7590 97.7706 -33.6276 -3207.1190 88.8015 -97.4129 -3306.2860 -395.6308 542.3166 -3306.0950 -434.1765 232.4410 -3249.4580 -443.0883 -43.8865 -3249.9940 -432.5656 -114.0652 -3255.8350 -95.8876 -13.6643 -3350.0060 0.9958 -425.0917 -3416.9430 55.9289 -783.0358 -3286.5180 51.8421 -819.6087 -3274.8810 -277.5089 -18.4202 -3348.2150 -327.1048 -422.8878 -3407.7300 -346.6662 -789.6326 -3277.5140 -346.1113 -826.1530 -3281.4040 -196.1322 580.0016 -3190.7300 114.9639 -178.0279 -3167.6120 39.8351 -107.1931 -3255.2260 -441.8985 -199.8885 -3208.0480 -384.1162 -122.5211
81757784 -3307.2170 -189.2273 -16.3543 -3297.7890 -193.5911 327.7714 -3275.8420 -196.9633 662.6576 -3282.8680 -220.9963 840.3047 -3286.0830 -1.5448 536.1766 -3285.5120 65.3806 243.4840 -3217.8290 98.1913 -32.6242 -3206.5050 87.2713 -93.9790 -3306.5290 -395.5140 542.2549 -3306.7440 -434.4449 232.3511 -3251.0690 -444.3897 -42.9902 -3253.3690 -435.4506 -110.9008 -3256.2800 -96.0190 -13.6343 -3351.9800 1.7162 -427.0919 -3417.0780 56.1413 -783.3994 -3286.5920 52.1217 -819.8850 -3275.1050 -277.6653 -18.3754 -3348.6280 -327.3263 -422.5851 -3408.2860 -347.1270 -789.7787 -3278.0090 -346.4979 -826.2156 -3283.7580 -196.3225 580.2776 -3201.5210 83.2737 -147.0086 -3175.0000 36.4930 -96.7776 -3242.6350 -427.8981 -197.3550 -3210.1920 -385.8833 -84.2228
81757817 -3307.6130 -189.4630 -16.1801 -3298.8590 -193.7153 328.1453 -3277.4850 -196.8435 663.2253 -3283.8020 -221.0950 840.0737 -3285.8410 -2.3013 537.2062 -3285.8760 64.9160 242.9758 -3217.8700 98.2517 -32.1070 -3205.1150 87.3882 -95.8538 -3308.4430 -396.0542 543.4788 -3307.7530 -434.3726 231.8833 -3251.5420 -444.5942 -45.5409 -3253.0340 -436.8948 -111.8246 -3256.6460 -96.2640 -13.4741 -3353.1250 2.0274 -428.2984 -3416.9650 57.4447 -782.4387 -3286.4680 52.8993 -818.9076 -3275.5360 -277.8838 -18.2212 -3350.1490 -326.6034 -426.1620 -3408.7210 -346.9458 -791.9890 -3278.4400 -346.8305 -828.3757 -3285.2850 -196.2654 580.7958 -3205.5610 107.7638 -174.3294 -3168.7300 40.8933 -109.9034 -3253.5220 -452.6163 -188.9636 -3206.6540 -390.3349 -104.0376
81757850 -3308.0290 -189.5715 -15.8675 -3299.5110 -193.7349 328.5582 -3278.1350 -196.7783 663.6605 -3284.1330 -221.1154 840.2587 -3286.3380 -2.0034 537.3059 -3287.6580 66.0201 242.1640 -3217.6800 98.6076 -31.5209 -3206.0680 89.2744 -92.6840 -3310.1820 -396.1938 544.2490 -3308.2330 -434.3830 232.5305 -3251.8230 -444.5324 -45.6595 -3255.7690 -436.6346 -115.0795 -3257.2370 -96.4735 -13.2916 -3353.3190 1.6212 -429.5882 -3417.2310 57.6758 -784.2285 -3286.7640 52.8493 -820.6701 -3275.8420 -277.9103 -17.7999 -3350.5120 -326.7983 -426.2809 -3408.8730 -346.6767 -792.2953 -3278.6180 -346.8434 -828.6707 -3285.9560 -196.2158 581.2286 -3200.9820 91.1177 -146.6528 -3169.4940 42.5410 -103.6506 -3252.0280 -440.5787 -197.0305 -3209.1040 -386.1478 -97.8159
81757884 -3308.9770 -189.4699 -15.9849 -3300.3190 -193.6695 328.3127 -3278.6280 -196.7697 663.3448 -3284.5450 -221.1118 840.1572 -3286.7030 -1.9013 537.4233 -3288.1440 66.0751 241.9405 -3217.7450 98.8462 -30.8649 -3204.2050 89.9115 -95.6776 -3311.2540 -396.0204 544.5002 -3309.2020 -434.0779 233.8965 -3252.6270 -444.5347 -46.5292 -3253.5690 -434.7183 -114.0027 -3258.2040 -96.5874 -13.5206 -3353.5060 1.3421 -427.9415 -3416.7460 56.7396 -783.0443 -3286.2950 51.7547 -819.5190 -3276.8230 -277.5850 -17.8432 -3350.4890 -326.9835 -426.1209 -3409.4110 -345.8775 -793.0734 -3279.1760 -346.2231 -829.4626 -3286.5330 -196.1908 580.9216 -3204.9610 105.9995 -176.0439 -3162.3330 44.2283 -124.6290 -3264.7100 -442.4892 -196.9853 -3207.1430 -389.0054 -118.0505
81757917 -3310.1940 -189.2914 -16.3008 -3301.5100 -193.4958 327.6925 -3279.6180 -196.6355 662.4265 -3284.9130 -221.0744 839.9755 -3286.9910 -1.8528 537.4776 -3288.7310 66.8073 242.2402 -3219.2650 99.0228 -33.3129 -3211.4570 88.8733 -98.8900 -3311.4630 -395.6466 544.3553 -3311.4290 -434.6454 234.6020 -3254.5670 -445.8845 -42.5240 -3256.2590 -432.1560 -110.9683 -3259.5580 -96.4569 -13.7405 -3353.8110 1.2243 -427.4282 -3416.7000 56.4853 -784.0031 -3286.2810 51.5151 -820.4610 -3277.9130 -277.3651 -18.2748 -3351.1120 -326.8986 -426.0745 -3409.8030 -345.7966 -793.9087 -3279.5990 -346.1321 -830.2836 -3287.5870 -196.0412 580.0735 -3202.9100 108.5585 -176.8237 -3168.0100 43.8182 -108.5036 -3243.0340 -433.1755 -184.9837 -3216.0370 -386.2924 -90.5896
81757950 -3310.6020 -189.1294 -15.9241 -3302.7170 -193.4986 327.9159 -3282.0260 -197.0049 662.2643 -3285.4310 -220.9002 839.6893 -3287.2330 -1.8613 537.5233 -3289.6500 67.4689 243.0135 -3222.2660 105.0370 -15.0074 -3213.0500 92.6291 -94.3149 -3314.5490 -396.4608 545.6791 -3311.9410 -434.7776 235.2206 -3255.6710 -446.4603 -43.3526 -3255.7880 -432.9424 -111.4065 -3259.9010 -96.3250 -13.3701 -3355.3660 1.6216 -429.9845 -3416.6130 54.9486 -788.0256 -3286.2070 49.3593 -824.3809 -3278.3730 -277.1786 -17.9300 -3351.4660 -327.2030 -425.5290 -3409.8280 -345.7077 -793.9482 -3279.6270 -346.6812 -830.2646 -3289.6670 -196.2944 580.0305 -3204.6610 106.4249 -174.7220 -3169.2230 48.1682 -94.9759 -3256.4770 -436.8068 -188.9039 -3208.1080 -388.5078 -90.4980
81757984 -3311.1470 -189.3442 -15.3897 -3303.6020 -193.2231 328.5118 -3283.2370 -196.0004 662.9903 -3286.8020 -220.9602 840.1500 -3287.4930 -2.0662 537.5321 -3290.0410 66.9437 242.1864 -3220.4600 104.5438 -19.1868 -3214.4860 89.7569 -95.1574 -3316.7270 -395.6600 547.8633 -3312.2310 -434.8118 235.3977 -3256.8330 -444.7987 -42.0303 -3259.6950 -434.6953 -113.5295 -3260.3280 -96.3941 -13.1130 -3355.8460 1.7257 -430.0549 -3416.5630 54.0822 -781.9797 -3286.1580 48.0676 -818.3853 -3279.0440 -277.5895 -17.0572 -3351.7170 -327.1575 -425.1437 -3409.6090 -346.0187 -795.0532 -3279.4280 -347.4239 -831.3411 -3290.8020 -195.4987 580.7158 -3204.6600 113.0059 -172.5274 -3168.3330 45.8687 -107.0045 -3255.7010 -427.8088 -201.6828 -3211.2470 -387.6953 -106.2952
81758017 -3312.6660 -189.4653 -14.7113 -3305.0960 -193.0216 329.0782 -3284.4270 -195.5628 663.4297 -3287.9990 -221.1735 840.1830 -3289.8840 -1.6482 537.9907 -3291.0380 67.1878 241.4002 -3221.2800 103.8967 -19.4693 -3210.0110 92.0596 -94.0372 -3317.7910 -395.2688 548.6042 -3312.4430 -434.6698 236.7730 -3257.7170 -445.3336 -42.2583 -3258.1920 -436.4630 -108.3704 -3261.7470 -96.5483 -12.5478 -3356.2330 1.7791 -430.1339 -3416.5370 53.8757 -783.5579 -3286.1180 48.1833 -819.9479 -3280.6310 -277.6600 -16.3290 -3352.2780 -327.7773 -424.9913 -3410.5940 -344.9179 -796.7779 -3280.3980 -346.0173 -833.0511 -3292.0860 -195.1076 581.1837 -3212.9870 108.2892 -172.5468 -3168.2740 45.4119 -105.7427 -3262.0390 -425.6663 -190.2299 -3209.6850 -390.6059 -98.4283
81758050 -3314.6200 -189.7095 -14.9154 -3306.9660 -193.7273 328.7868 -3286.0410 -196.7374 663.0796 -3288.6130 -221.2674 840.2322 -3290.0360 -1.5583 537.9386 -3291.5970 67.0863 241.4888 -3221.6720 103.5272 -20.2855 -3210.0360 92.8924 -93.5456 -3318.8960 -395.2677 548.7963 -3314.4960 -434.7309 238.5107 -3259.0840 -445.9342 -43.3200 -3263.0720 -438.5677 -114.8238 -3264.1310 -97.1842 -12.8900 -3356.2480 3.9337 -428.1954 -3417.0700 54.3658 -784.2374 -3286.7010 48.4453 -820.6297 -3282.2280 -277.5777 -16.4490 -3352.4500 -327.5349 -425.3441 -3411.0170 -344.5340 -796.4359 -3280.8670 -345.8607 -832.7220 -3293.7740 -196.1612 580.8439 -3217.8270 104.6578 -182.0416 -3179.2940 42.0459 -93.9133 -3257.8210 -451.1481 -199.9943 -3211.4840 -396.0596 -121.2380
81758084 -3315.6180 -190.0927 -14.4409 -3307.6650 -193.8911 328.8519 -3286.4760 -196.7690 662.8969 -3289.1550 -221.2172 839.9411 -3290.8630 -1.7774 537.7645 -3292.4910 67.2813 241.5047 -3223.0600 102.2698 -21.8206 -3217.3840 92.0189 -95.4608 -3321.0720 -395.9019 548.4957 -3315.1560 -435.0605 237.9527 -3259.6160 -445.5359 -44.0249 -3261.7660 -435.6421 -112.3221 -3265.2320 -97.6327 -12.3205 -3356.5700 3.9788 -426.9216 -3418.1220 52.5023 -779.5956 -3287.7930 46.2865 -816.0578 -3283.0940 -277.8697 -16.0979 -3352.9540 -326.9696 -424.7002 -3411.1980 -345.1899 -795.7239 -3281.1000 -346.8260 -832.0349 -3294.2670 -196.2189 580.7120 -3206.6600 117.4559 -172.6337 -3176.0330 45.4642 -103.7739 -3262.8580 -449.5746 -190.2245 -3210.0890 -392.1408 -103.5697
81758117 -3317.9770 -189.7605 -14.8391 -3309.2420 -193.4610 328.6279 -3287.2920 -196.3346 662.7999 -3289.2350 -221.0829 839.9959 -3291.1570 -1.8749 537.5846 -3293.4550 66.6845 238.4074 -3223.1360 102.2939 -22.0781 -3214.4170 90.4458 -89.0603 -3321.6310 -395.1718 548.6852 -3317.2930 -434.9619 235.1965 -3260.7050 -445.5337 -43.6816 -3261.0870 -435.4852 -114.1398 -3268.4680 -97.3617 -12.5969 -3356.5280 3.5570 -425.7769 -3418.2400 52.4329 -779.5649 -3287.9320 46.1369 -816.0948 -3284.7180 -277.4968 -16.5814 -3354.2410 -328.0653 -424.9297 -3410.9570 -345.2147 -799.5424 -3280.8900 -346.9323 -835.8782 -3295.2630 -195.7758 580.5861 -3217.7590 115.2300 -180.2767 -3168.3830 52.5658 -95.8559 -3228.8240 -443.6136 -194.7206 -3211.3660 -391.6465 -109.1004
81758150 -3319.3370 -188.2542 -14.5110 -3310.7910 -192.6146 328.7209 -3288.9740 -196.0304 662.6830 -3290.3140 -220.8520 839.7838 -3291.7160 -1.9822 537.4260 -3296.7890 67.7630 238.0412 -3224.1130 102.5406 -22.2880 -3212.9810 96.5952 -86.3208 -3323.1120 -394.6436 549.9114 -3318.6300 -434.6234 235.5396 -3261.5640 -445.0484 -43.7131 -3264.2980 -437.5059 -109.0872 -3269.2200 -95.6910 -11.9073 -3356.8940 3.3555 -425.5004 -3420.3250 51.7112 -779.6527 -3290.0150 45.2141 -816.1886 -3286.8750 -276.0425 -16.6773 -3355.0230 -328.5948 -424.9330 -3411.4100 -345.1552 -800.3845 -3281.3430 -347.0838 -836.7140 -3296.9220 -195.3399 580.5184 -3199.3070 93.0029 -140.8531 -3193.7220 49.1417 -69.5569 -3269.0240 -451.8088 -191.3519 -3215.2060 -391.3948 -104.6567
81758184 -3321.0410 -188.1929 -14.7610 -3312.7090 -192.4681 328.1321 -3290.9250 -195.8032 661.7468 -3292.3910 -220.3290 839.8926 -3292.6450 -1.9775 537.0291 -3298.1530 68.6239 238.7548 -3226.8090 100.4448 -24.0522 -3221.5270 88.5052 -92.1493 -3323.5830 -394.1617 550.0828 -3319.9350 -435.3196 234.2366 -3264.0480 -444.8227 -43.7766 -3266.1760 -434.4750 -112.1110 -3270.3140 -95.7476 -12.2063 -3358.2450 4.2513 -424.7991 -3420.3280 51.7145 -779.5177 -3289.9930 45.3275 -816.0458 -3289.1730 -275.8334 -16.8385 -3355.4030 -328.7045 -425.6705 -3412.2380 -345.0046 -801.6374 -3282.1500 -346.8262 -837.9460 -3298.8850 -195.1322 579.6644 -3203.6600 126.0940 -163.7112 -3175.9380 45.2135 -98.4930 -3260.1360 -451.0843 -186.1373 -3225.1290 -389.2464 -107.2318
81758217 -3322.2260 -188.7995 -14.6399 -3313.8630 -192.5936 328.2202 -3292.0640 -195.4980 661.8104 -3292.7860 -220.5240 840.0851 -3293.3670 -1.6449 536.7838 -3298.1580 68.3869 238.5263 -3227.1930 97.1306 -28.0946 -3217.3030 85.0642 -95.9150 -3325.4710 -394.4789 549.4408 -3321.3390 -435.7701 235.4164 -3265.6710 -445.8283 -41.5058 -3260.4780 -431.0330 -109.7869 -3271.3890 -96.3717 -12.2015 -3358.9410 4.1306 -424.8205 -3421.3540 52.9070 -782.6271 -3291.0760 46.2371 -819.1154 -3290.3680 -276.4001 -16.6214 -3356.1040 -327.7481 -425.8661 -3412.0860 -344.9676 -801.9188 -3343.8500 -335.7735 -882.6638 -3300.0280 -194.9352 579.7324 -3207.5230 85.9007 -151.5452 -3175.0560 41.0381 -109.2166 -3226.6990 -432.7466 -188.1407 -3221.6780 -386.6876 -86.1274
81758250 -3322.7530 -189.0129 -14.6675 -3315.2450 -193.0452 328.8571 -3294.6710 -196.2790 663.6842 -3298.1970 -220.8361 840.8012 -3295.8230 -2.2943 536.1741 -3299.1900 68.0225 239.6035 -3229.4580 97.2334 -27.7287 -3219.9510 85.5230 -94.8309 -3329.1370 -395.2986 549.4156 -3324.0090 -434.5895 237.8080 -3267.0750 -445.6735 -45.1177 -3266.0050 -435.6006 -108.7195 -3271.8730 -96.3423 -12.2901 -3361.8110 3.6894 -426.6044 -3421.4300 53.1709 -782.8141 -3291.1510 46.2340 -819.2305 -3290.9700 -276.9528 -16.5846 -3356.8060 -327.9234 -425.9957 -3413.3750 -343.8772 -803.4439 -3283.3360 -346.2466 -839.6570 -3302.3030 -195.6267 581.2437 -3210.1680 88.7086 -157.9107 -3186.1250 37.1853 -93.4312 -3265.6930 -452.8736 -178.5338 -3218.7100 -389.4378 -97.7238
81758284 -3324.5840 -189.1735 -14.4363 -3316.8540 -193.1316 328.9679 -3295.8210 -196.2824 663.6016 -3299.9450 -221.1204 841.4812 -3300.2160 -0.9811 537.6891 -3300.8320 67.7816 239.0527 -3229.9970 99.1917 -26.3493 -3225.7680 86.0788 -93.9548 -3331.3960 -395.8610 548.0154 -3324.2140 -434.6113 237.7707 -3269.2090 -446.2529 -41.7810 -3264.4370 -432.2217 -109.8738 -3274.0780 -96.5668 -12.1644 -3362.0600 3.8461 -427.1310 -3420.2170 53.4714 -780.0790 -3289.9230 47.0259 -816.5240 -3292.3590 -277.0511 -16.3014 -3357.0620 -327.7445 -426.1128 -3412.7760 -343.1360 -805.1347 -3282.7330 -345.0184 -841.3295 -3303.5800 -195.6495 581.2106 -3215.1620 113.3737 -168.6967 -3189.2000 40.0552 -101.0175 -3260.8300 -440.9294 -191.3216 -3224.4180 -387.3132 -95.1831
81758317 -3326.1840 -189.2431 -13.9552 -3318.9770 -193.4438 329.9081 -3298.2750 -196.8489 664.9102 -3302.1670 -221.4453 842.3120 -3302.1370 -0.8117 537.8619 -3303.8010 67.7153 241.1311 -3231.5640 100.2513 -27.1209 -3224.9600 88.4522 -95.6920 -3333.4220 -395.1896 548.9438 -3324.7050 -434.6670 237.7044 -3270.7630 -446.9776 -43.2003 -3270.7920 -437.2028 -116.3676 -3275.8210 -96.6371 -11.7675 -3362.3110 4.4359 -426.7148 -3420.1300 53.5040 -780.1462 -3289.8300 47.0405 -816.5593 -3293.7420 -277.1160 -15.7761 -3357.3160 -327.5884 -425.8578 -3412.9280 -343.3851 -805.6003 -3348.9240 -334.6964 -889.2469 -3305.9750 -196.1539 582.4416 -3201.9100 112.8835 -174.5684 -3181.5620 44.2047 -122.8974 -3248.7830 -422.4213 -214.5851 -3229.3330 -385.7657 -112.9504
81758350 -3328.6980 -189.4293 -14.0306 -3320.9220 -193.8358 330.1910 -3299.6580 -197.3651 665.3840 -3302.9230 -221.7579 843.1529 -3303.3810 -0.9776 537.9739 -3305.5580 67.9046 239.5387 -3231.4080 100.1748 -26.6847 -3226.5640 87.7906 -92.9366 -3337.1070 -396.0968 549.7422 -3327.0180 -435.6671 237.9578 -3272.8240 -446.0926 -43.0888 -3267.6190 -432.4039 -108.7675 -3277.6770 -97.1698 -11.7384 -3364.2940 4.2073 -427.4803 -3420.5900 54.1058 -782.3350 -3290.3630 47.0757 -818.7842 -3297.0120 -276.8409 -15.9889 -3357.8930 -327.9164 -426.3070 -3412.8800 -343.3062 -805.8583 -3347.5350 -335.0951 -885.9470 -3307.4950 -196.6454 582.8803 -3234.1580 96.3487 -191.8025 -3181.6730 42.9020 -112.3210 -3272.7810 -441.1907 -189.3474 -3222.9350 -388.2538 -101.9129
81758384 -3330.6040 -189.6236 -13.7544 -3323.4390 -193.8136 330.1173 -3302.7710 -197.0630 664.8093 -3305.4500 -221.5011 843.6864 -3304.4120 -1.6283 537.8337 -3307.3240 68.2477 240.9533 -3231.9440 100.1391 -29.0435 -3228.9350 88.7356 -89.7831 -3339.0630 -396.7310 550.1658 -3329.1730 -436.3079 238.6842 -3274.0430 -446.0776 -42.7641 -3273.8910 -436.5226 -109.6993 -3279.2480 -97.4741 -11.4602 -3365.1630 3.8343 -428.1997 -3421.1120 53.9183 -783.1992 -3290.8800 46.6872 -819.5974 -3299.1840 -276.9193 -15.7285 -3360.2370 -326.3056 -429.7299 -3412.7100 -343.1915 -805.9431 -3347.9590 -336.3138 -884.3102 -3310.4630 -196.4184 582.4443 -3222.4960 110.6889 -167.6105 -3187.4830 41.7427 -100.3173 -3270.1500 -450.8416 -189.1877 -3224.9850 -388.1103 -104.1193
81758417 -3331.2190 -189.6933 -13.3353 -3324.3220 -194.0776 330.4183 -3303.9330 -197.5759 664.9351 -3306.6740 -221.0556 843.7349 -3306.3200 -1.8928 538.4801 -3309.7050 67.9573 242.0028 -3233.9160 100.5870 -28.6671 -3234.1100 87.9263 -83.7752 -3342.0000 -396.6591 551.5988 -3330.4110 -436.3606 238.9633 -3275.0200 -445.6187 -43.1555 -3272.0640 -436.9785 -110.4421 -3279.5860 -97.4144 -11.1053 -3365.7550 3.8225 -428.6894 -3421.1880 54.0100 -783.3766 -3290.9930 46.5452 -819.7474 -3300.1480 -277.1937 -15.2473 -3361.2390 -326.5121 -431.0148 -3413.3170 -342.1752 -806.9249 -3349.0120 -335.2053 -888.2951 -3311.5550 -196.8635 582.6195 -3231.4950 90.4280 -182.8344 -3192.8070 42.7233 -89.5897 -3277.0310 -446.8540 -189.7530 -3224.5130 -388.8983 -102.5254
81758450 -3333.0960 -189.6638 -13.7976 -3325.9570 -194.0061 330.2248 -3305.2420 -197.4684 664.9607 -3308.4640 -221.5335 843.6805 -3308.1740 -1.7344 538.1070 -3309.8510 67.8171 241.9008 -3235.2180 100.5107 -28.1267 -3232.9580 90.8525 -98.9000 -3342.2750 -396.2368 551.4700 -3330.5620 -436.3058 238.9202 -3276.4390 -446.1137 -44.1974 -3272.0070 -438.2376 -112.6288 -3281.5780 -97.9263 -11.3632 -3366.2880 4.3812 -428.9409 -3420.8430 54.5318 -783.8115 -3290.6460 47.4308 -820.1796 -3301.9510 -276.6413 -15.9187 -3361.2590 -326.5572 -431.0113 -3412.7000 -342.4404 -806.5200 -3282.7480 -344.9746 -842.6616 -3312.9510 -196.7639 582.5950 -3208.4120 108.7403 -168.3429 -3191.9690 42.7315 -105.4006 -3268.0310 -438.3153 -193.5399 -3224.7050 -391.4398 -96.1886
81758484 -3334.8650 -190.1844 -13.6414 -3327.3150 -194.3127 330.3020 -3306.1670 -197.5966 664.9787 -3311.2520 -221.2623 844.7296 -3310.1350 -1.7959 538.8047 -3311.8440 68.1476 241.5369 -3236.3100 101.1346 -28.8249 -3235.0020 88.9874 -99.7344 -3344.4700 -396.8674 551.2200 -3331.9690 -436.5284 238.9463 -3277.4630 -446.4291 -45.1858 -3275.3180 -441.4984 -111.0847 -3283.9820 -98.8837 -11.1648 -3366.9870 4.0988 -429.1248 -3422.9360 54.3693 -787.3904 -3292.7920 47.2093 -823.7432 -3303.1020 -276.8203 -15.8020 -3361.7990 -326.6340 -431.4701 -3412.6840 -342.4841 -806.5829 -3282.7770 -345.0792 -842.7424 -3313.9840 -196.9323 582.6252 -3237.9120 92.0387 -178.7565 -3190.2610 44.2020 -122.0721 -3273.0340 -421.1145 -220.6593 -3229.6250 -388.1111 -132.9345
81758517 -3334.9210 -190.2437 -13.5967 -3327.8480 -194.4265 330.6552 -3307.6120 -197.7002 665.9229 -3313.6310 -220.4751 845.1128 -3310.8250 -1.5459 538.8341 -3312.3330 67.9639 242.1115 -3237.9470 102.9089 -28.1030 -3234.8810 91.2637 -100.3529 -3344.6730 -396.6460 550.9073 -3333.0470 -437.0842 239.0240 -3278.7410 -447.3013 -45.8965 -3273.3190 -437.9056 -112.6632 -3284.0930 -98.8013 -11.1429 -3367.8550 4.4113 -430.4070 -3422.8270 55.4888 -786.4721 -3292.6480 48.4337 -822.7830 -3303.1210 -277.1899 -15.6554 -3362.3870 -327.5601 -431.3850 -3412.7760 -342.6363 -806.5563 -3282.8360 -345.1120 -842.6647 -3315.1650 -197.0455 583.3974 -3222.6620 110.6826 -169.0900 -3203.0000 54.5946 -134.4723 -3274.2270 -442.7309 -199.2534 -3227.4480 -394.1064 -102.6786
81758550 -3335.4240 -190.3421 -13.6583 -3328.8420 -194.6083 330.7172 -3309.0260 -197.9683 666.1180 -3316.5720 -220.5059 844.9952 -3311.9360 -1.9941 538.3920 -3313.4660 68.0213 241.7646 -3241.6260 103.1582 -28.6043 -3238.8440 94.5025 -99.0914 -3345.5080 -397.0055 550.4708 -3333.8880 -436.7710 239.5467 -3280.3020 -448.5978 -45.3173 -3273.8930 -440.9186 -123.6484 -3284.5580 -98.8904 -11.2299 -3367.8890 3.6557 -428.2574 -3422.7610 55.6579 -787.1751 -3292.5620 48.6691 -823.4445 -3303.5930 -277.2632 -15.6912 -3362.6090 -327.2762 -432.5318 -3412.9130 -342.6756 -806.9835 -3282.9530 -345.0829 -843.0539 -3316.4880 -197.2925 583.5609 -3224.4110 109.2729 -173.6017 -3207.2730 52.5454 -122.4078 -3272.2280 -435.2742 -211.6653 -3236.0000 -387.4632 -127.4028
81758584 -3335.4900 -190.3619 -13.6109 -3328.9940 -194.6834 330.7152 -3309.2580 -198.1285 665.9993 -3318.2900 -220.2745 845.2579 -3312.8800 -2.8931 538.2563 -3313.2920 68.1170 241.1905 -3241.6270 103.0995 -28.5203 -3236.8230 89.2618 -93.8604 -3346.0800 -397.2802 550.5648 -3334.5560 -437.2810 239.2360 -3280.5800 -449.2204 -45.8304 -3276.4840 -439.0248 -114.5676 -3284.5370 -98.9267 -11.1599 -3367.4980 3.5404 -425.9557 -3422.5760 55.8383 -787.3046 -3292.3690 48.9278 -823.5641 -3303.8400 -277.2501 -15.6577 -3362.8300 -328.7432 -431.7880 -3413.7290 -342.9656 -807.8536 -3348.4790 -333.7719 -891.1106 -3316.7010 -197.4282 583.4783 -3231.8260 125.7367 -168.1018 -3190.1110 47.2062 -108.7350 -3262.5380 -422.0161 -202.1684 -3230.2300 -389.6406 -118.4169
81758617 -3335.8830 -190.3732 -13.5545 -3330.2430 -194.9002 330.9119 -3311.5710 -198.6786 666.3392 -3318.9450 -220.1780 845.5164 -3314.4860 -2.8175 538.6689 -3315.1980 69.2254 242.6071 -3242.1690 103.0215 -29.2943 -3240.0530 91.2245 -93.8648 -3344.8770 -396.9603 549.9488 -3335.4460 -437.0145 239.6150 -3280.7490 -449.1292 -45.4677 -3273.1090 -436.9547 -116.3375 -3284.8930 -98.8959 -11.0152 -3367.2170 2.9356 -424.1000 -3422.2530 56.0458 -786.3182 -3291.9910 49.7899 -822.4877 -3304.2260 -277.2849 -15.6988 -3362.5940 -327.0785 -434.3851 -3414.0960 -343.0154 -808.9309 -3348.3200 -333.2951 -892.8997 -3318.7370 -197.8857 583.7832 -3233.1620 99.2622 -174.0800 -3191.6920 44.0442 -126.1833 -3263.3120 -442.7787 -198.3383 -3228.8410 -389.1291 -95.3040
81758650 -3335.8400 -190.2803 -13.4800 -3330.6070 -194.7956 331.0228 -3312.9410 -198.5698 666.4576 -3319.9640 -219.9769 845.0826 -3314.5250 -2.8349 538.6654 -3316.1270 68.7588 242.5490 -3242.7040 103.5066 -30.3121 -3238.7690 88.3671 -92.3431 -3345.1580 -396.9783 549.9390 -3336.1700 -437.0295 240.1560 -3280.9850 -448.6609 -44.6540 -3273.5530 -437.6862 -111.0357 -3284.6980 -98.7135 -10.7464 -3365.5190 2.9828 -421.6685 -3422.1210 56.2407 -786.3591 -3291.8650 49.9346 -822.4654 -3304.2340 -277.2217 -15.7058 -3362.3920 -326.9947 -434.1970 -3413.4560 -342.9808 -807.6150 -3283.4410 -344.6958 -843.5096 -3319.8080 -197.7719 583.9099 -3214.6640 86.9676 -173.0801 -3196.8890 41.4742 -94.3414 -3268.2690 -458.3925 -191.2931 -3226.3120 -389.2359 -108.7561
81758684 -3335.9010 -190.0411 -13.5507 -3330.9530 -194.5143 330.8957 -3313.5200 -198.2578 666.2366 -3320.8060 -220.0034 844.4333 -3314.4590 -3.1189 538.1828 -3316.5320 68.8371 242.0470 -3242.4360 103.7006 -26.9502 -3235.2310 91.2502 -95.3931 -3344.3710 -396.2542 548.6567 -3336.5070 -436.9202 239.4745 -3280.3750 -449.4699 -41.6909 -3271.6340 -435.7574 -116.6828 -3284.7930 -98.2737 -10.8493 -3367.7860 3.8278 -427.6075 -3421.9700 55.9146 -786.4061 -3291.7230 49.7563 -822.4745 -3304.2580 -277.1135 -15.7583 -3362.2510 -326.9361 -434.1364 -3413.1560 -342.8700 -807.9467 -3283.1510 -344.4421 -843.8000 -3320.3410 -197.4649 583.7125 -3230.5600 103.2967 -180.9955 -3194.4830 43.7826 -99.6275 -3255.4370 -420.5962 -205.2475 -3227.3750 -393.3169 -142.7044
81758717 -3335.8640 -189.9271 -13.2666 -3331.4530 -194.6452 331.2079 -3315.0320 -198.9223 666.5672 -3322.4130 -220.1788 844.1418 -3315.0500 -3.1418 538.3896 -3317.0930 68.7549 242.2542 -3244.7860 102.4628 -29.1134 -3237.3870 91.8745 -94.6732 -3344.9450 -396.6182 549.2856 -3336.5350 -436.8363 239.6767 -3278.9470 -448.6691 -44.3384 -3270.1090 -435.1026 -115.6797 -3284.8360 -98.1472 -10.4802 -3367.8220 4.7771 -428.9692 -3422.3010 55.7055 -787.4225 -3292.0580 49.5771 -823.4138 -3304.1350 -277.0025 -15.5473 -3361.9940 -327.3240 -433.7234 -3413.2820 -342.8342 -807.2791 -3283.2770 -344.3792 -843.0731 -3321.5670 -197.9682 584.0539 -3231.6600 118.3745 -169.5623 -3195.7420 44.8187 -107.1306 -3268.8640 -438.4282 -195.0750 -3227.5270 -390.1802 -93.1887
81758750 -3335.8460 -189.7787 -13.2373 -3331.5240 -194.4859 331.1703 -3315.0990 -198.6876 666.4185 -3323.2120 -220.1192 844.0396 -3315.2690 -3.3381 538.5212 -3316.8580 68.0719 243.7057 -3244.6500 102.0061 -29.5993 -3231.7260 91.0155 -99.5913 -3345.2550 -396.5623 549.4567 -3337.2800 -436.9718 238.3792 -3279.0180 -448.5922 -44.3424 -3273.7510 -435.9177 -116.9250 -3284.8130 -97.8518 -10.4247 -3367.8490 4.8991 -430.3647 -3421.8290 56.2621 -787.4211 -3291.6110 50.1037 -823.3958 -3304.1150 -276.9486 -15.5416 -3362.1290 -327.1879 -433.9164 -3413.7910 -342.9083 -807.4686 -3283.8110 -344.4767 -843.2463 -3321.6440 -197.7593 583.9370 -3232.9570 112.2339 -186.4322 -3181.8010 47.7930 -128.9829 -3272.5880 -436.7458 -199.3946 -3231.3130 -389.1342 -91.7711
81758784 -3336.1400 -189.4276 -13.4665 -3332.2560 -194.0915 331.1393 -3316.0970 -198.2339 666.6612 -3323.6510 -220.1410 844.2183 -3315.4260 -3.4553 538.5226 -3317.1440 68.1797 243.2922 -3239.3090 100.1192 -33.0220 -3230.4720 87.3716 -92.6926 -3345.9350 -396.7389 549.8839 -3337.4260 -436.7408 238.6874 -3278.9230 -447.5188 -42.5773 -3272.1610 -437.2178 -113.8088 -3285.0600 -97.5809 -10.5343 -3368.2010 5.0085 -430.2834 -3421.6560 56.4237 -788.0421 -3291.4610 50.1533 -823.9770 -3304.4410 -276.5116 -15.9375 -3362.6090 -327.3530 -434.6292 -3414.1180 -342.5886 -808.3026 -3349.2910 -333.3079 -892.7183 -3322.5950 -197.3235 584.1032 -3233.1600 114.0069 -174.0618 -3184.8570 48.8436 -133.5432 -3259.4540 -443.5058 -198.1081 -3227.1370 -389.2094 -96.2706
81758817 -3336.1890 -189.0950 -13.2910 -3332.4790 -193.9237 331.2213 -3316.3830 -198.1604 666.6531 -3324.7870 -220.7083 844.6062 -3315.5470 -3.4451 538.4730 -3317.8640 69.0747 242.7028 -3243.4710 102.3384 -20.9922 -3234.8630 91.2262 -95.3011 -3347.6130 -396.8760 550.8449 -3337.3970 -436.7201 238.5123 -3279.1300 -447.6106 -43.4278 -3272.4340 -439.9100 -116.3163 -3285.0130 -97.2043 -10.2695 -3368.6490 4.9462 -429.7007 -3421.2850 56.0073 -788.3610 -3291.1370 49.3958 -824.2811 -3304.5550 -276.2137 -15.8454 -3362.9120 -327.1967 -434.9352 -3414.4670 -342.3308 -809.6975 -3284.5600 -344.3630 -845.4097 -3322.8730 -197.2294 584.1170 -3231.8260 99.2171 -185.7788 -3195.5000 43.8502 -95.4864 -3271.5360 -425.4044 -204.1818 -3238.0000 -385.8079 -143.1998
81758850 -3336.9610 -189.5860 -13.3903 -3333.6140 -194.3574 331.0939 -3317.4990 -198.4035 666.4849 -3324.9730 -220.7534 844.5425 -3315.9030 -3.4942 538.4786 -3317.6160 69.2672 242.0528 -3241.6720 102.1244 -23.0859 -3227.8470 90.6288 -79.1950 -3347.3050 -396.6466 550.4188 -3338.7180 -437.6353 238.3239 -3279.0880 -447.8654 -43.4157 -3270.7800 -434.7940 -117.0205 -3285.8870 -97.9848 -10.4099 -3368.5720 4.4920 -429.1331 -3421.2230 56.0792 -788.1711 -3291.0850 49.6155 -824.0629 -3305.2170 -276.4671 -15.9252 -3363.1010 -327.2952 -434.9795 -3414.4510 -342.2571 -809.4368 -3284.5520 -344.1414 -845.1215 -3324.0200 -197.5277 583.9553 -3219.1610 131.1241 -155.7009 -3193.6660 46.8045 -93.5578 -3276.6600 -428.5275 -207.2918 -3228.2100 -385.8100 -119.3574
81758884 -3336.9570 -189.7092 -13.2345 -3333.7750 -194.4153 331.1630 -3317.8670 -198.3814 666.4474 -3325.2610 -220.6924 844.4885 -3316.0920 -3.7443 538.8855 -3317.1210 68.6125 242.3157 -3241.6710 103.4074 -19.8781 -3227.3340 96.1225 -84.3836 -3347.9010 -396.6522 550.6898 -3338.7480 -437.5933 236.9721 -3278.9460 -447.7873 -43.4085 -3268.0580 -436.5224 -110.6686 -3285.8540 -98.0902 -10.3427 -3368.5030 4.4944 -429.8465 -3420.2970 56.2089 -788.2714 -3290.1820 49.6431 -824.1387 -3305.2450 -276.6082 -15.6513 -3363.1460 -327.4117 -435.1251 -3414.4250 -341.6969 -809.7949 -3284.5490 -343.6880 -845.4543 -3324.3300 -197.5334 583.9514 -3207.9930 117.4891 -169.7765 -3193.9060 47.1060 -90.8173 -3245.4360 -424.5853 -195.7550 -3215.2670 -392.7457 -114.3713
81758917 -3336.9380 -189.7661 -13.3211 -3333.8250 -194.4569 331.1329 -3317.9490 -198.4134 666.4519 -3325.3140 -220.7251 844.5020 -3316.2040 -3.5645 538.8304 -3316.9600 68.8410 241.6297 -3242.3400 103.0147 -18.6188 -3228.9330 93.9807 -85.6342 -3347.9640 -396.6352 550.3124 -3338.7530 -437.6223 237.0372 -3279.8900 -448.1587 -44.5231 -3270.6880 -436.7723 -115.9416 -3285.8850 -98.1677 -10.4556 -3368.2330 4.7102 -430.3440 -3420.5680 56.7348 -787.5497 -3290.4490 50.1721 -823.4220 -3305.1640 -276.6592 -15.7425 -3363.4480 -327.7845 -434.6701 -3415.0370 -345.1216 -804.9905 -3285.1490 -347.0641 -840.7013 -3324.4070 -197.5692 583.9461 -3220.8760 107.2780 -170.8891 -3208.3640 66.9401 -119.3606 -3276.3230 -449.2411 -196.7033 -3233.0730 -389.4059 -102.9498
81758950 -3336.8820 -190.3601 -13.5219 -3333.8390 -194.5467 331.0456 -3317.9460 -198.3152 666.3538 -3325.3300 -220.6756 844.5322 -3316.1860 -3.6729 538.8906 -3316.1940 68.6346 240.8039 -3242.5900 101.7943 -20.0685 -3233.7410 93.7026 -85.0251 -3347.9870 -396.6894 550.2953 -3338.2620 -438.0750 236.4972 -3280.7190 -449.5320 -39.4747 -3273.0860 -439.4075 -114.7459 -3285.7340 -98.8009 -10.9019 -3368.2150 4.7776 -430.6367 -3420.1260 56.0460 -789.3970 -3290.0370 49.4812 -825.2320 -3305.1700 -277.2523 -15.7552 -3363.8400 -326.9780 -435.7859 -3414.5140 -345.2762 -805.2834 -3284.6530 -347.2264 -840.9736 -3324.4100 -197.5305 583.8700 -3232.6460 121.1160 -170.4498 -3183.0720 48.8192 -120.3845 -3266.7500 -428.0263 -196.0141 -3227.0340 -390.9642 -90.3520
81758984 -3336.7370 -189.9025 -13.6365 -3333.6760 -194.3335 330.9950 -3317.6030 -198.1725 666.3303 -3325.3060 -220.6671 844.6229 -3316.2710 -3.5976 538.9781 -3316.3060 68.7472 240.5926 -3240.0440 102.0002 -21.3134 -3228.2630 91.5441 -99.4828 -3347.3190 -396.2162 550.2365 -3338.1360 -438.5007 236.4021 -3280.2920 -448.8403 -41.2281 -3270.2700 -436.4881 -118.2179 -3285.5740 -98.1929 -10.9711 -3367.9970 4.5816 -430.2168 -3419.5910 56.5004 -788.6105 -3289.4910 50.0981 -824.4559 -3305.0210 -276.9061 -15.9110 -3364.9470 -327.1112 -439.7750 -3414.1490 -344.1882 -805.9882 -3284.2810 -345.9827 -841.6727 -3324.1330 -197.3739 583.8377 -3220.7610 111.8069 -168.1195 -3189.0640 42.3925 -104.4478 -3269.1980 -431.0843 -207.0016 -3228.3160 -385.3640 -113.3509
81759017 -3336.9530 -190.0625 -13.6777 -3333.7930 -194.4478 331.0294 -3317.6140 -198.2385 666.4077 -3325.2970 -220.6569 844.6324 -3316.1550 -3.6230 538.9819 -3314.9000 68.4526 238.6057 -3239.8150 101.7383 -21.6843 -3228.9630 91.1817 -91.1706 -3347.6750 -396.6786 550.4081 -3337.9290 -438.5085 236.4643 -3280.8230 -450.3850 -43.8240 -3270.0610 -440.7265 -116.6411 -3285.6940 -98.5305 -11.0815 -3368.2570 4.3004 -431.0420 -3419.6390 56.5207 -788.8246 -3289.5520 50.0158 -824.6776 -3305.4090 -276.9346 -15.8995 -3365.0810 -327.3627 -438.5191 -3414.4860 -344.8915 -804.8811 -3284.6260 -346.7805 -840.5885 -3324.1660 -197.4455 583.9011 -3239.1580 96.4976 -192.0989 -3183.9230 45.9518 -131.2491 -3248.1420 -436.6111 -191.3840 -3227.3330 -392.2027 -88.6262
81759050 -3336.6390 -189.8291 -13.4249 -3333.8240 -194.4148 331.0796 -3317.9620 -198.2620 666.4193 -3324.1850 -220.9098 844.7570 -3315.7980 -3.6312 538.9884 -3314.6570 68.2340 238.6075 -3239.8150 101.7380 -21.6837 -3226.2830 89.8353 -93.2759 -3347.9900 -397.0329 550.7763 -3337.7760 -438.8288 237.6067 -3280.6240 -450.3245 -44.1449 -3270.9510 -440.1425 -116.3943 -3285.3740 -98.2287 -10.7703 -3368.2410 4.4662 -431.1419 -3419.8880 56.7038 -788.5063 -3289.7990 50.0543 -824.3446 -3305.0720 -276.7501 -15.6984 -3364.2580 -328.5382 -435.4683 -3414.2500 -345.2528 -804.4851 -3284.3890 -347.2798 -840.1776 -3324.3980 -197.4452 583.9299 -3216.9610 118.6985 -166.1568 -3188.7420 42.9381 -102.9727 -3272.5370 -416.6131 -216.1513 -3227.3220 -387.7068 -102.5708
81759084 -3336.3740 -189.8245 -13.3068 -3333.8100 -194.3768 331.1301 -3318.0770 -198.1246 666.4891 -3323.2350 -220.4393 844.2454 -3314.4660 -3.8659 538.4058 -3312.9930 67.6709 237.9933 -3239.0270 102.0551 -21.4694 -3226.1910 94.1120 -92.1112 -3347.9020 -396.8802 550.9103 -3337.5770 -438.8491 237.4472 -3279.7100 -451.0720 -41.8583 -3272.8870 -440.9633 -114.6353 -3285.2240 -98.1763 -10.6775 -3367.7580 4.8060 -430.7997 -3419.7920 56.8266 -788.3736 -3289.7430 49.8902 -824.1959 -3304.6150 -276.8167 -15.5522 -3364.2330 -328.5325 -435.2794 -3414.2470 -344.1107 -805.4485 -3284.4280 -346.4364 -841.1130 -3324.4690 -197.3449 583.9910 -3211.1610 102.6784 -176.3942 -3187.3440 43.8483 -97.0024 -3268.2310 -436.5630 -197.1291 -3227.1110 -394.1357 -84.4173
81759117 -3336.1570 -190.5511 -13.3648 -3333.6440 -194.4672 331.0446 -3317.6090 -197.7592 666.2157 -3321.8280 -220.1034 844.5006 -3314.0610 -3.9045 538.3754 -3312.4040 67.3938 238.2280 -3237.2460 102.7047 -21.8124 -3224.5540 87.7424 -90.4528 -3346.5170 -396.0740 551.9604 -3335.9960 -438.1142 237.6378 -3279.2890 -450.4209 -42.3464 -3267.9470 -435.6645 -110.0924 -3285.0330 -98.8863 -11.0077 -3365.9490 3.7492 -428.8151 -3419.9150 55.5035 -790.9993 -3289.8800 48.8205 -826.7797 -3304.3400 -277.6091 -15.3397 -3362.7510 -328.1020 -432.8874 -3414.4410 -343.6866 -805.2715 -3284.6290 -345.7793 -840.9248 -3324.1310 -197.1526 583.7890 -3229.1600 96.2024 -182.6793 -3190.6770 43.2519 -91.7518 -3261.8680 -434.5532 -185.7626 -3221.4820 -393.3820 -105.5609
81759150 -3336.0310 -190.5862 -13.4534 -3333.0460 -194.4868 330.4941 -3316.0580 -197.6368 664.7551 -3321.3330 -219.9758 844.5991 -3313.6390 -3.6714 538.1384 -3312.2770 67.4011 238.2612 -3235.8570 101.3493 -30.0471 -3224.9010 89.7489 -95.8688 -3345.6470 -396.1348 551.1826 -3335.4430 -437.8098 237.5638 -3278.4680 -449.3806 -43.1809 -3266.4530 -433.2327 -113.1181 -3284.9750 -98.9273 -11.0538 -3362.3680 2.1073 -423.0643 -3419.1020 54.8983 -788.4268 -3289.0870 48.3168 -824.2695 -3304.1070 -277.6151 -15.4926 -3361.5350 -327.3035 -429.9041 -3414.4240 -343.3342 -805.0344 -3284.6370 -345.3362 -840.7263 -3322.8680 -197.0665 582.5853 -3217.5590 104.6350 -183.7904 -3188.7800 44.8443 -102.7561 -3249.7030 -426.9793 -192.4706 -3222.4610 -386.9898 -125.2768
81759184 -3335.1490 -190.8037 -13.5189 -3332.4350 -194.5954 330.2919 -3315.6690 -197.6510 664.4999 -3318.7460 -220.2319 843.9962 -3312.4550 -3.9801 538.2073 -3310.8830 65.7517 239.5281 -3235.2340 100.9157 -29.0564 -3220.2010 89.2784 -89.7637 -3344.5980 -395.8804 550.6691 -3335.3990 -437.3552 237.7370 -3278.0320 -448.9683 -42.9306 -3269.1960 -437.9504 -109.4358 -3284.1130 -99.0384 -11.1664 -3360.8720 2.6074 -420.4168 -3419.3930 53.9305 -785.9000 -3289.3830 47.3106 -821.7465 -3303.1990 -277.9196 -15.5113 -3361.4000 -327.2748 -429.5695 -3414.4110 -343.2104 -805.2508 -3284.6350 -345.2633 -840.9158 -3322.4280 -197.0960 582.3318 -3224.4950 104.8736 -173.6042 -3190.7500 43.4680 -121.6696 -3267.4310 -440.0216 -186.3661 -3220.9350 -388.7200 -95.4262
81759217 -3333.4740 -190.0808 -13.8727 -3331.5970 -194.3920 330.0566 -3315.3820 -197.6909 664.3898 -3318.0120 -220.0378 843.6345 -3310.2920 -4.4370 538.1833 -3310.2570 66.2993 239.4925 -3234.0880 101.2504 -28.6680 -3219.6540 90.8024 -94.3792 -3340.2440 -393.9200 548.6547 -3333.9320 -436.9657 237.2499 -3277.1550 -449.2492 -43.9173 -3266.9330 -438.4460 -114.6394 -3281.7450 -97.2908 -11.4854 -3360.1740 1.6656 -420.3204 -3419.0590 54.1323 -786.4028 -3289.0040 47.9589 -822.1813 -3301.9760 -277.8638 -15.8854 -3359.4260 -327.5810 -428.4846 -3414.5140 -343.1162 -805.1599 -3284.6920 -344.7214 -840.7643 -3322.0320 -197.0921 582.1886 -3182.1600 109.2896 -174.1983 -3181.3680 39.3647 -115.4451 -3260.3730 -416.5414 -204.9743 -3223.4970 -387.4555 -104.8836
81759250 -3333.1410 -189.6792 -13.8895 -3330.7340 -194.2482 329.9411 -3313.6310 -198.0407 664.1497 -3317.7690 -220.2075 843.7832 -3308.1720 -5.0682 538.2700 -3309.4770 66.3074 239.3376 -3231.8360 100.5701 -29.6273 -3219.5640 92.2417 -89.4437 -3339.9730 -393.9666 548.4692 -3333.8900 -437.0650 237.2431 -3276.5310 -448.5224 -43.7269 -3267.3060 -438.1768 -115.5033 -3281.5070 -96.9564 -11.4384 -3360.4770 1.9011 -421.4573 -3419.3800 54.3118 -783.3771 -3289.3860 47.6694 -819.2474 -3301.5770 -277.4456 -15.9798 -3359.8530 -327.7125 -428.6220 -3414.4990 -343.2211 -805.0513 -3284.7460 -345.2918 -840.7147 -3320.5330 -197.2769 581.9727 -3218.9130 104.6938 -166.7026 -3176.0000 44.7378 -103.4772 -3247.4770 -431.6219 -195.2827 -3222.7090 -388.0325 -81.2056
81759284 -3331.8540 -190.4004 -13.6899 -3329.4650 -194.4624 330.0472 -3312.4860 -197.7927 664.2213 -3317.5180 -219.8915 843.6379 -3308.0230 -4.9015 538.1512 -3308.8400 66.0884 239.1676 -3231.0410 99.0773 -30.9743 -3219.4970 91.5600 -89.1981 -3340.0490 -394.3601 548.6423 -3333.8470 -437.1560 237.3234 -3276.1080 -448.3809 -44.1392 -3267.0160 -436.9237 -110.1740 -3280.6820 -97.3351 -11.3339 -3360.4270 1.6471 -422.8986 -3419.1130 54.6245 -783.3407 -3289.1190 47.9419 -819.2038 -3299.7800 -278.6257 -15.6669 -3359.7590 -327.7249 -428.5378 -3414.1470 -343.1949 -803.8005 -3284.3900 -345.3018 -839.4698 -3319.3520 -197.1367 582.0429 -3217.0710 109.4369 -166.7508 -3180.1710 43.2809 -97.6183 -3268.5550 -426.8940 -196.0188 -3234.0000 -383.1584 -65.6499
81759317 -3331.7460 -190.5444 -13.8180 -3329.1650 -194.2746 329.8537 -3311.7880 -196.7570 663.8857 -3317.4260 -219.9680 843.4866 -3307.2460 -5.1542 537.8132 -3307.2050 66.5709 239.6731 -3231.1750 99.7634 -29.9550 -3218.9440 89.5336 -93.4354 -3339.8020 -394.2336 548.5030 -3333.6700 -437.1552 237.4280 -3273.8140 -448.2823 -46.1636 -3264.6710 -438.1116 -117.2577 -3280.4570 -97.5703 -11.4978 -3360.4100 1.9048 -422.7762 -3418.6650 54.7073 -783.4490 -3288.7060 47.8915 -819.3220 -3299.7610 -278.7082 -15.7660 -3359.6320 -327.5092 -428.4585 -3413.7750 -342.5311 -805.6345 -3284.0570 -344.7777 -841.2948 -3318.7610 -196.3702 581.7358 -3218.7890 91.5057 -168.9024 -3206.0000 38.1388 -68.1217 -3268.2800 -436.0777 -202.4870 -3221.7140 -386.5923 -114.2461
81759350 -3331.6980 -190.3242 -13.9985 -3329.0960 -194.2595 329.9063 -3311.5810 -197.0555 664.5007 -3316.8200 -220.1729 843.4007 -3306.2520 -5.0798 537.8536 -3306.8950 66.8859 239.8879 -3231.3720 99.8902 -29.8183 -3217.3940 92.3326 -88.6112 -3338.2170 -393.9481 546.2655 -3333.6280 -437.3627 237.4550 -3273.9490 -447.5078 -45.0703 -3267.7590 -439.4723 -115.6808 -3280.5810 -97.5433 -11.6985 -3359.4650 1.7918 -420.2549 -3418.8140 54.9651 -783.7128 -3288.8590 48.2406 -819.5861 -3299.4080 -278.0341 -15.9992 -3359.6670 -327.8287 -429.1056 -3413.0220 -343.1219 -805.4314 -3283.3090 -345.2667 -841.0951 -3318.5890 -196.5355 582.1338 -3223.9950 112.2141 -169.1649 -3176.2670 44.5252 -103.2420 -3260.2360 -424.8278 -200.2230 -3223.1440 -386.5210 -105.1011
81759384 -3331.3160 -189.8130 -14.4599 -3328.5840 -194.0739 329.7145 -3310.9830 -197.1499 664.5134 -3316.2580 -220.0110 843.7973 -3303.9850 -4.3672 536.7783 -3305.6110 66.7864 238.5891 -3227.8270 101.7431 -26.7527 -3217.6280 89.9977 -88.4559 -3338.1470 -394.0547 546.3231 -3333.1870 -437.3414 237.2633 -3274.0140 -447.7622 -44.6997 -3261.1560 -434.2147 -117.3816 -3280.2490 -97.1889 -12.1407 -3359.7400 1.9286 -420.6893 -3417.9910 54.3213 -777.5462 -3288.0780 47.1147 -813.5035 -3299.0510 -277.4313 -16.4345 -3359.5350 -327.8001 -429.3806 -3412.7600 -342.7326 -805.5010 -3283.1040 -345.3708 -841.1816 -3318.0180 -196.5570 582.0992 -3211.8310 104.4788 -161.2119 -3175.3130 44.8847 -100.7239 -3246.3620 -439.8324 -189.3002 -3218.3600 -388.5698 -88.9820
81759417 -3331.2950 -189.7541 -14.4762 -3328.3600 -194.1041 329.8051 -3310.3720 -197.4974 664.9026 -3315.2430 -220.0196 843.8652 -3303.2950 -4.3085 536.9975 -3304.8530 67.3639 238.7852 -3226.9600 101.1419 -27.2484 -3216.4280 89.2128 -91.7863 -3337.8500 -394.2806 546.0973 -3331.6090 -437.6156 234.1718 -3274.2550 -447.5748 -44.3841 -3265.3470 -434.7075 -113.9305 -3280.2310 -97.2043 -12.1346 -3360.1740 2.1686 -422.2745 -3417.7050 54.2546 -777.3849 -3287.8380 46.9515 -813.3553 -3299.0460 -277.1440 -16.5248 -3359.3250 -328.1580 -428.5458 -3412.6220 -344.5281 -800.9310 -3283.0020 -347.2418 -836.6735 -3317.5100 -196.8006 582.4001 -3217.6610 113.4631 -168.8285 -3175.3530 45.5574 -114.2575 -3246.5340 -426.5441 -199.6787 -3232.0000 -387.0996 -133.8044
81759450 -3330.8600 -189.6248 -14.5264 -3327.5960 -194.0913 330.1188 -3309.3710 -197.6857 665.7420 -3313.9110 -219.7147 843.7689 -3303.0170 -4.1930 537.2756 -3303.2780 67.6224 238.2610 -3226.6680 100.7707 -27.0311 -3216.4150 88.3959 -90.0652 -3337.3050 -394.0821 546.3527 -3331.4650 -437.5306 234.1412 -3274.4640 -447.8092 -44.1284 -3264.4650 -435.3344 -114.1775 -3279.6440 -97.1038 -12.2426 -3360.5810 2.8092 -424.3337 -3418.1220 55.0538 -778.2671 -3288.2710 47.8007 -814.2463 -3298.7910 -277.0433 -16.5239 -3359.4140 -327.5502 -429.4319 -3412.0260 -344.2180 -801.6646 -3282.4220 -346.8757 -837.4149 -3316.5550 -196.9335 583.1009 -3222.1590 104.8051 -182.2805 -3171.1880 50.0256 -120.8990 -3262.7370 -434.0166 -194.8508 -3216.4350 -388.7738 -106.9014
81759484 -3330.7960 -189.5661 -14.5850 -3327.4050 -194.0367 330.0147 -3309.1220 -197.6554 665.5782 -3313.8280 -219.7600 843.7211 -3302.0450 -3.8742 537.0367 -3302.5050 68.4958 238.1492 -3226.3110 100.6233 -27.9155 -3213.0000 90.4762 -90.4756 -3337.2550 -394.7347 546.7167 -3329.7950 -436.3954 233.6129 -3274.1550 -447.7009 -44.0258 -3262.3020 -439.2210 -114.7126 -3279.6940 -97.2087 -12.3664 -3360.5200 3.3263 -425.4322 -3418.1790 55.1591 -780.9382 -3288.3620 47.7161 -816.8954 -3298.4360 -276.6228 -16.5576 -3359.5190 -326.5080 -431.3223 -3412.0370 -344.1438 -801.6467 -3282.4590 -346.9911 -837.4044 -3316.3150 -196.8974 582.9561 -3215.1640 109.0045 -159.9175 -3171.1690 48.5009 -116.7430 -3265.8040 -447.9072 -187.4512 -3214.5940 -395.6203 -102.9123
81759517 -3330.3500 -188.6749 -14.2024 -3326.7890 -193.6251 330.5942 -3308.3990 -197.6571 666.3848 -3313.5430 -219.8326 843.6854 -3301.6950 -3.6469 537.1352 -3301.0740 68.1027 238.4942 -3226.6260 100.4853 -27.7647 -3213.9130 89.2021 -92.2253 -3337.2150 -395.0587 547.2183 -3329.7100 -436.5225 234.4201 -3273.7000 -447.7376 -43.2669 -3263.7390 -436.0284 -114.4868 -3279.1710 -96.1160 -11.7312 -3360.8720 3.5992 -425.6318 -3417.8110 54.8762 -780.7473 -3288.0250 47.3813 -816.7100 -3298.1470 -276.0535 -16.3887 -3359.5340 -326.4542 -431.3514 -3411.9470 -344.2174 -801.7286 -3282.4020 -347.1189 -837.4896 -3315.6150 -196.7943 583.7056 -3185.1580 123.1015 -169.2973 -3175.3760 45.6761 -109.6653 -3255.4730 -442.5276 -185.8775 -3216.8880 -392.5564 -93.2291
81759550 -3329.4280 -188.4995 -14.1597 -3325.5400 -193.6170 330.6263 -3307.0680 -197.8434 666.3437 -3312.6660 -220.1470 843.4547 -3300.6020 -3.4608 537.1333 -3300.8960 68.0891 240.3935 -3226.7410 100.6576 -27.4759 -3214.9510 89.4738 -93.4993 -3335.8600 -395.2155 547.4953 -3329.2790 -436.4881 234.5835 -3272.7200 -447.4918 -43.3712 -3264.2290 -435.8183 -114.8474 -3278.1590 -96.0384 -11.9969 -3360.4140 2.7492 -426.8093 -3417.5960 55.9753 -781.2477 -3287.8330 48.5411 -817.2077 -3297.3320 -275.8454 -16.0499 -3358.5230 -325.9515 -430.0267 -3410.7350 -347.0410 -796.6423 -3281.2020 -349.8341 -832.4597 -3314.2870 -196.9353 583.6917 -3185.1580 121.0105 -173.6485 -3183.5000 41.7287 -99.3842 -3262.6870 -452.3402 -199.1560 -3214.0000 -391.9699 -122.2589
81759584 -3328.5730 -188.5617 -13.8723 -3324.2290 -193.1947 330.5999 -3305.2130 -196.6696 665.7720 -3312.3650 -220.2437 843.2653 -3300.3590 -3.0195 537.3366 -3300.3360 68.4395 240.7034 -3224.9790 101.7540 -20.3949 -3215.5420 90.8171 -90.1617 -3335.3930 -395.2188 547.5325 -3329.2570 -437.2459 233.7659 -3272.4100 -447.1074 -44.4898 -3264.5220 -435.3899 -114.9960 -3277.5020 -96.1649 -11.6494 -3358.3950 3.0681 -424.3562 -3417.7570 54.7436 -783.0414 -3288.0220 47.3801 -819.0024 -3296.3340 -275.8834 -15.8395 -3358.1850 -325.8880 -430.8815 -3410.6250 -349.2215 -792.4568 -3281.1080 -351.9321 -828.3406 -3312.5790 -195.9837 583.2888 -3208.4100 99.9555 -179.3109 -3177.8990 44.4019 -110.1092 -3257.3700 -422.0704 -204.7772 -3218.8420 -389.9115 -110.9259
81759617 -3327.2880 -187.7780 -13.7895 -3323.0180 -192.8066 330.7934 -3304.2320 -196.6531 666.0371 -3311.5290 -219.9897 843.5769 -3298.3650 -3.3169 537.4955 -3299.5360 68.7707 240.5451 -3224.6700 98.2112 -25.3710 -3215.0410 90.4297 -90.1182 -3334.3760 -395.2649 546.7066 -3328.8780 -437.0746 233.9175 -3272.1780 -446.1711 -44.4345 -3264.9190 -435.3902 -110.0923 -3276.0870 -95.1342 -11.3483 -3357.4930 3.9554 -422.1743 -3418.0890 54.5918 -783.7952 -3288.3880 46.9785 -819.7405 -3295.2590 -275.4047 -15.9266 -3354.0010 -327.1458 -426.4550 -3410.9750 -348.1864 -794.3978 -3281.4950 -351.1615 -830.2527 -3311.5360 -195.8801 583.5399 -3209.1620 98.5235 -175.6995 -3185.0910 43.4551 -115.2583 -3254.0380 -418.6878 -206.0599 -3215.6430 -390.6507 -127.1627
81759650 -3326.5440 -187.8628 -13.6606 -3322.6370 -192.7707 330.8437 -3304.1390 -196.5960 666.0411 -3310.9450 -220.1384 843.5453 -3298.3480 -2.5456 537.9753 -3299.4070 68.8901 240.9807 -3224.8350 98.3321 -26.0743 -3217.5300 86.1746 -96.6282 -3334.0950 -395.0538 546.6379 -3328.0970 -436.6041 234.2591 -3270.5140 -445.9690 -39.8655 -3263.3440 -437.2272 -113.2953 -3275.9950 -95.1193 -11.3211 -3357.9800 3.8652 -423.7624 -3417.7620 54.9085 -785.6503 -3288.0490 47.3598 -821.5491 -3293.3040 -275.8070 -15.6273 -3353.5590 -326.9258 -425.9970 -3410.9640 -348.1965 -794.4050 -3281.4660 -351.1033 -830.2345 -3311.3860 -195.8207 583.5521 -3202.1590 112.8879 -175.3152 -3173.8570 40.9165 -101.7278 -3266.4730 -444.0469 -186.5031 -3220.5140 -391.6686 -97.5414
81759684 -3325.9300 -188.0465 -13.7843 -3321.9190 -192.8775 330.8791 -3303.4380 -196.6359 666.2330 -3310.2770 -219.9983 843.4869 -3297.5970 -2.6765 537.7428 -3299.3560 68.8720 240.9075 -3224.9820 98.3420 -26.8010 -3210.9250 86.6700 -91.3197 -3333.5600 -394.9690 546.4526 -3327.5640 -436.5832 233.9600 -3270.5230 -446.0488 -39.8004 -3264.5400 -437.7843 -110.3179 -3275.4300 -95.2532 -11.3531 -3357.8240 3.5932 -423.4634 -3417.9860 54.4454 -779.9128 -3288.2810 46.8477 -815.8719 -3292.7900 -276.0266 -15.8311 -3353.5890 -326.8592 -425.8564 -3410.7550 -348.0396 -794.1953 -3281.2790 -351.0019 -830.0233 -3310.6690 -195.8755 583.7076 -3211.1610 114.9840 -167.6174 -3175.1050 42.6820 -101.0510 -3253.0330 -434.6479 -185.5396 -3217.8080 -388.7890 -93.2138
81759717 -3324.6170 -188.3088 -13.3126 -3320.9580 -192.9795 331.1814 -3302.8970 -196.6404 666.3813 -3308.9760 -220.2299 843.3369 -3296.5020 -2.5395 537.3450 -3299.3120 68.9204 240.8727 -3225.8440 95.8114 -29.9331 -3215.7150 84.3708 -97.0572 -3333.0990 -394.8703 546.7026 -3327.1150 -436.7718 234.2116 -3270.3240 -445.7913 -39.2286 -3264.5770 -438.6338 -109.0988 -3273.8880 -95.4876 -10.8992 -3356.8960 3.4637 -422.3268 -3418.1540 54.8389 -791.5877 -3288.4770 47.1031 -827.3942 -3291.8590 -276.2975 -15.3977 -3352.9060 -326.6842 -423.9331 -3410.0310 -347.9089 -792.9642 -3280.5500 -351.0058 -828.7789 -3310.0230 -195.8980 583.8918 -3204.6150 102.6152 -177.3069 -3185.0910 36.0077 -92.7780 -3258.5820 -449.9488 -179.1207 -3220.7310 -386.1252 -92.6890
81759750 -3324.6120 -188.3253 -13.3275 -3320.6800 -192.9836 331.0894 -3302.0130 -196.5616 666.1476 -3308.9540 -220.2001 843.3351 -3296.0910 -2.6465 537.0743 -3299.1060 69.0021 240.9221 -3225.6680 98.1761 -28.9902 -3215.5730 87.3091 -99.9910 -3333.1910 -394.9518 546.7364 -3326.3710 -436.9421 232.4743 -3270.4220 -446.3258 -42.1926 -3265.3660 -439.4457 -114.7274 -3274.0060 -95.5809 -10.9216 -3356.8400 3.7196 -421.9754 -3417.8530 54.6812 -790.0811 -3288.1980 46.8289 -825.9364 -3291.7630 -276.2964 -15.4435 -3353.0370 -327.0461 -423.4431 -3409.9060 -348.1610 -792.8782 -3280.4520 -351.3731 -828.7264 -3309.3110 -195.8453 583.6990 -3215.6520 111.6824 -181.4213 -3180.4040 40.3062 -101.7765 -3259.2470 -446.9467 -193.0083 -3220.2100 -389.4313 -100.1993
81759784 -3324.7690 -188.6001 -13.6793 -3320.5090 -193.0744 330.9235 -3301.3670 -196.5468 666.0337 -3308.0390 -220.0368 843.1599 -3295.6490 -2.2441 536.6636 -3297.8760 70.4169 238.1844 -3222.9420 98.8953 -35.1355 -3209.6900 84.0471 -98.5871 -3332.2960 -394.9238 546.0981 -3326.3070 -437.0091 232.3466 -3271.1120 -446.3940 -43.3498 -3265.7300 -434.0370 -114.1526 -3273.9270 -96.0209 -11.3896 -3359.0600 4.1165 -423.8356 -3418.3030 55.8343 -788.9692 -3288.6770 48.0786 -824.8491 -3292.2700 -276.5004 -15.7890 -3354.7080 -327.7483 -425.7962 -3411.6420 -345.0193 -800.1851 -3282.2330 -348.1610 -835.9686 -3308.8120 -195.8662 583.5643 -3201.4100 117.2639 -170.1638 -3174.2600 41.8321 -114.6330 -3262.1570 -434.1848 -195.4176 -3223.0360 -386.5334 -89.6403
81759817 -3324.5490 -188.5656 -13.6564 -3319.8540 -192.8934 330.9422 -3300.3430 -196.1817 666.0519 -3307.8050 -219.7818 843.0872 -3295.0600 -2.0583 536.4918 -3297.6140 70.3782 238.2271 -3223.2370 100.4168 -32.1871 -3209.9520 87.5420 -95.9870 -3331.9980 -394.6548 546.2640 -3325.4070 -435.9210 233.1848 -3270.9570 -446.2867 -43.2334 -3263.7310 -436.0862 -111.8750 -3273.8680 -95.9770 -11.4047 -3359.7360 3.7102 -426.1637 -3418.1720 55.8718 -789.1694 -3288.5670 48.0475 -825.0759 -3291.8140 -276.5070 -15.6697 -3354.4170 -327.5487 -425.2538 -3411.7230 -345.3844 -799.5237 -3282.3330 -348.5901 -835.3438 -3307.8600 -195.5440 583.5851 -3205.6610 113.0406 -168.1981 -3173.0720 46.7915 -136.1244 -3253.5420 -414.2043 -197.1560 -3218.9000 -386.6160 -78.5112
81759850 -3324.5270 -188.7148 -13.6286 -3319.5590 -193.0400 330.8997 -3299.6130 -196.3049 665.8807 -3307.3780 -219.7029 842.9894 -3294.8200 -2.2894 536.7270 -3297.6550 70.5785 238.0822 -3223.6820 100.5483 -31.0047 -3213.7900 86.5365 -100.0653 -3331.4790 -394.4276 546.3317 -3325.3750 -436.2903 234.5376 -3270.9440 -446.1839 -43.3719 -3264.3520 -436.6595 -114.8463 -3273.7280 -96.3136 -11.4122 -3359.6350 3.8083 -425.9854 -3416.9960 55.0834 -784.1760 -3287.3860 47.3177 -820.1577 -3291.8720 -276.5669 -15.6165 -3355.1770 -326.6827 -427.2560 -3410.9590 -346.8400 -797.4130 -3281.5740 -349.9778 -833.2779 -3307.2440 -195.6778 583.4530 -3200.7600 111.1076 -170.5754 -3175.5000 41.9804 -98.6242 -3250.0330 -431.4237 -193.9720 -3218.7320 -387.9149 -90.6396
81759884 -3324.4890 -188.7462 -13.6675 -3319.5260 -192.9592 330.8665 -3299.6720 -195.9054 665.8590 -3306.5050 -219.3010 842.5637 -3294.6790 -2.2038 536.6926 -3297.7400 70.4412 239.3101 -3224.3670 100.6881 -29.9468 -3210.6170 92.0810 -95.5256 -3331.3510 -394.4583 546.3880 -3325.5690 -436.4099 235.0831 -3270.9130 -446.3326 -44.3625 -3264.5290 -438.0879 -113.1981 -3273.5930 -96.4149 -11.4861 -3360.8790 4.3123 -429.7377 -3417.8240 55.4991 -784.9918 -3288.2140 47.7304 -820.9618 -3291.8840 -276.5651 -15.6344 -3355.0560 -326.9899 -426.7273 -3411.9980 -346.1372 -798.9477 -3282.6120 -349.2830 -834.7935 -3307.2610 -195.3827 583.4244 -3199.5570 119.8057 -175.7544 -3176.7940 44.0395 -99.1819 -3264.3600 -442.2718 -194.7965 -3215.8680 -390.6634 -93.9849
81759917 -3324.2960 -188.6793 -13.6281 -3319.0870 -192.8828 330.8046 -3299.0920 -195.8813 665.6719 -3304.9860 -219.1656 841.6684 -3294.8900 -1.3819 536.5537 -3297.6950 70.4488 239.3161 -3224.0830 100.0146 -30.3107 -3208.8320 89.4686 -96.8478 -3331.1980 -394.4951 546.5560 -3325.1970 -436.3240 235.1093 -3270.4850 -445.9905 -44.3598 -3262.3280 -437.2384 -116.5521 -3273.5550 -96.3929 -11.4767 -3361.6330 4.8286 -432.4277 -3418.3780 55.2551 -785.4752 -3288.7650 47.5974 -821.4519 -3291.4980 -276.4241 -15.5408 -3354.8780 -327.0040 -426.7710 -3411.9130 -346.0430 -798.9119 -3282.5250 -349.0817 -834.7685 -3306.7060 -195.3380 583.2708 -3217.1570 95.8422 -190.7942 -3187.0000 35.6903 -72.1961 -3259.1690 -442.7876 -196.1828 -3208.3930 -392.8985 -93.3283
81759950 -3324.2420 -188.6384 -13.7036 -3318.9980 -192.9208 330.6359 -3299.0270 -196.0869 665.3729 -3304.7820 -219.1008 841.4667 -3294.8730 -1.3470 536.5253 -3297.8740 70.5786 239.1679 -3224.0840 98.2532 -34.0449 -3213.2880 85.5653 -95.8050 -3332.1490 -395.1602 547.3572 -3324.6320 -435.8351 235.8666 -3269.2660 -445.5982 -44.5743 -3262.6890 -438.0446 -114.2539 -3273.3870 -96.2783 -11.6182 -3361.7870 4.8022 -432.5524 -3418.1870 55.6242 -785.2306 -3288.5930 47.7627 -821.2155 -3291.5130 -276.4136 -15.5755 -3354.8210 -327.0540 -427.0101 -3411.8380 -346.0420 -798.9976 -3282.4690 -349.2802 -834.8590 -3306.6280 -195.4877 583.0129 -3204.1600 104.2012 -174.2599 -3172.3220 42.7282 -101.0727 -3255.0300 -438.5464 -186.8490 -3216.4210 -389.0186 -92.8084
81759984 -3323.8630 -189.2736 -13.6249 -3318.9210 -193.0599 330.6401 -3299.0580 -196.0860 665.3668 -3304.5290 -218.6559 841.2938 -3294.9740 -1.2303 536.3196 -3297.8950 70.6762 238.9690 -3224.4350 98.4224 -34.1519 -3214.6810 89.9814 -106.2556 -3332.1210 -395.1623 547.3458 -3324.7260 -436.6120 236.9533 -3268.7140 -445.4961 -45.1314 -3263.7110 -436.5293 -121.2135 -3273.1130 -96.7021 -11.5503 -3361.8100 5.0244 -432.6280 -3418.5210 56.2165 -786.2686 -3288.9180 48.3868 -822.2253 -3291.1230 -277.2149 -15.4771 -3354.8570 -327.0663 -426.9857 -3411.9310 -345.0423 -801.0360 -3282.5540 -348.2540 -836.8574 -3306.6360 -195.4966 583.0101 -3205.6570 99.8723 -185.7413 -3174.3440 42.7498 -106.0473 -3259.5310 -432.7345 -198.6176 -3216.5520 -389.1867 -91.8001
81760017 -3324.1210 -189.4960 -13.9797 -3318.9440 -193.1442 330.5175 -3299.0390 -196.1037 665.3489 -3303.9500 -218.4618 841.1270 -3295.0230 -1.2089 536.2753 -3298.1320 70.1987 238.8179 -3224.0000 99.3281 -32.6586 -3208.3340 84.4567 -101.2960 -3331.6090 -395.0448 547.3507 -3324.6020 -436.3029 237.0918 -3269.6360 -446.0728 -47.6310 -3262.2580 -440.1499 -120.8051 -3273.4660 -97.0584 -11.9327 -3361.0840 4.8889 -430.6733 -3418.0530 56.3923 -783.7386 -3288.4380 48.6897 -819.7289 -3291.3610 -277.3214 -15.8043 -3354.9170 -327.1251 -426.8816 -3411.2300 -343.5694 -799.8951 -3281.8430 -346.6676 -835.7338 -3306.6210 -195.5241 582.9769 -3207.1660 82.9007 -162.9302 -3173.0500 41.1326 -88.7871 -3253.2310 -425.6503 -210.4427 -3219.6430 -386.1375 -121.7280
81760050 -3323.9780 -189.2471 -14.1881 -3318.9480 -193.1371 330.5041 -3299.2890 -196.2560 665.4489 -3303.8110 -218.4541 841.1365 -3294.9700 -1.4456 536.0662 -3298.0210 70.0683 238.8437 -3223.8760 99.4587 -32.5332 -3211.5300 86.9554 -97.0561 -3331.3280 -395.1796 546.7987 -3324.1090 -436.6534 236.1317 -3269.0880 -445.7267 -47.7652 -3261.8360 -434.7507 -117.1632 -3273.1570 -96.7804 -11.9736 -3361.0430 4.7907 -430.6627 -3418.0860 56.8958 -783.8099 -3288.4610 49.2349 -819.7863 -3291.4000 -277.0078 -16.2600 -3355.3680 -326.5892 -427.7322 -3411.6350 -344.1622 -799.3427 -3282.2380 -347.2065 -835.1754 -3306.7590 -195.6021 583.0200 -3204.1680 87.7520 -150.3772 -3176.5730 41.5282 -95.7172 -3277.0320 -421.6290 -220.9289 -3218.1150 -384.5211 -109.1153
81760084 -3323.9620 -189.1149 -14.2519 -3318.8020 -192.9829 330.3217 -3299.0150 -196.0851 665.1398 -3303.3740 -218.3348 840.9555 -3296.7280 0.8198 537.0493 -3298.1770 70.0685 239.0640 -3224.2690 99.5820 -32.3375 -3214.3620 87.9242 -97.6325 -3331.3080 -394.9798 546.6684 -3323.8630 -436.5240 235.8595 -3268.1800 -445.8417 -48.3471 -3258.0850 -433.4817 -113.9069 -3273.2430 -96.6396 -12.0481 -3357.6200 4.8663 -423.5096 -3416.0080 56.3523 -776.9949 -3286.3540 49.1401 -813.0271 -3291.2990 -276.8469 -16.3164 -3355.6980 -327.3277 -427.7890 -3410.0570 -344.6574 -794.9416 -3280.6370 -347.2502 -830.8046 -3306.5230 -195.4389 582.7487 -3203.3250 120.2304 -168.0692 -3177.3340 40.2625 -110.2410 -3258.2880 -421.4541 -195.2089 -3227.5550 -379.2238 -67.7457
81760117 -3323.8920 -189.0562 -14.2536 -3318.3640 -192.8719 330.1520 -3298.0670 -195.9376 664.7112 -3302.5540 -217.8792 840.7653 -3296.8070 0.7440 537.1296 -3299.1590 69.6770 239.9822 -3224.5260 100.4044 -32.9595 -3212.3090 91.9245 -99.5194 -3330.7330 -394.5721 546.0137 -3324.1220 -436.6310 235.9864 -3267.5490 -445.7743 -48.6849 -3262.6240 -434.5974 -115.7272 -3273.0500 -96.5440 -12.0340 -3356.7660 3.2063 -420.5926 -3416.6500 55.9557 -776.2016 -3287.0030 48.8764 -812.2684 -3291.3010 -276.8146 -16.3184 -3355.7080 -327.3004 -427.7463 -3410.5400 -344.5242 -797.2654 -3281.1340 -346.9914 -833.1285 -3305.7200 -195.3041 582.3963 -3212.4910 101.5361 -181.7527 -3174.5080 42.7612 -108.9491 -3244.0280 -435.1024 -196.5520 -3219.9190 -389.9342 -85.4285
81760150 -3323.9910 -189.1907 -14.3231 -3318.3330 -193.0145 329.9768 -3297.9230 -196.0972 664.4081 -3302.1250 -217.6430 840.5363 -3296.8800 0.8509 537.1286 -3299.7120 69.5890 239.6771 -3224.4240 100.0139 -35.6443 -3213.1120 88.3161 -96.3139 -3331.6180 -394.8104 546.4935 -3324.3220 -436.3193 237.6383 -3267.1900 -445.4768 -49.4584 -3263.9920 -434.9837 -114.2101 -3273.0940 -96.7524 -12.1841 -3356.7500 3.1659 -420.5576 -3417.0720 54.6581 -773.7104 -3287.4290 47.4165 -809.8227 -3291.5250 -276.9246 -16.3187 -3356.1040 -327.3617 -427.9259 -3410.7600 -344.7125 -798.0098 -3281.3660 -347.3552 -833.8826 -3305.6080 -195.4626 582.1281 -3217.1590 116.3792 -170.2694 -3175.5000 44.3507 -115.1616 -3266.7020 -439.1144 -197.4507 -3219.7670 -390.0576 -97.2544
81760184 -3323.2630 -189.1931 -13.6786 -3318.2330 -192.9346 330.0379 -3298.1240 -195.8289 664.2586 -3301.5790 -217.7082 840.1289 -3297.5920 1.3630 537.3928 -3299.5840 69.5094 240.0087 -3224.6310 99.9667 -34.8486 -3215.1150 89.6269 -100.1423 -3331.5810 -394.6819 546.6430 -3324.3740 -436.1815 237.7221 -3266.4080 -444.5392 -48.2953 -3260.3710 -436.7117 -111.3899 -3272.2760 -96.6322 -11.7336 -3356.7250 3.2770 -420.6666 -3417.0570 54.6322 -773.7076 -3287.3630 47.5756 -809.7872 -3290.9140 -277.0506 -15.4220 -3355.9530 -327.1498 -428.0187 -3410.7100 -344.8636 -798.6641 -3281.2680 -347.3200 -834.4970 -3305.6880 -195.2926 582.0627 -3207.1560 106.7935 -187.7157 -3178.6110 41.4108 -106.0888 -3251.8660 -428.8038 -197.0140 -3224.0730 -383.5735 -88.1763
81760217 -3323.7990 -189.3531 -13.5197 -3318.4260 -192.9507 330.1245 -3298.2420 -195.7730 664.3340 -3301.6390 -217.7050 840.1165 -3298.4730 1.6090 537.4194 -3299.6170 69.3952 240.1297 -3224.6080 99.9711 -34.7676 -3215.0090 87.9568 -95.4871 -3331.8500 -394.5086 546.6616 -3324.5110 -436.7799 236.5405 -3266.5850 -444.5388 -48.5117 -3259.1630 -431.9314 -115.3276 -3272.6450 -96.8440 -11.6194 -3358.3110 4.2083 -424.6308 -3417.7880 54.1073 -773.3470 -3288.0630 47.1986 -809.4550 -3291.7650 -277.1346 -15.1777 -3355.9570 -327.0774 -428.0157 -3411.9570 -345.6828 -796.5587 -3282.4800 -347.9889 -832.4405 -3305.8210 -195.2514 582.1370 -3207.9580 111.3476 -176.2151 -3175.9580 41.7800 -104.9046 -3255.0310 -434.0349 -192.7847 -3218.1620 -388.0637 -97.2387
81760250 -3324.0430 -189.2137 -13.5591 -3318.5320 -192.9158 330.1654 -3298.3650 -195.7901 664.4744 -3301.6560 -217.7246 840.1412 -3298.7760 1.6391 537.2707 -3300.6270 68.1709 242.2080 -3225.4710 101.3619 -31.9344 -3216.1870 92.6169 -95.6942 -3332.0700 -394.4194 546.5709 -3325.2030 -437.3915 237.2008 -3267.0600 -444.8205 -48.1489 -3262.0560 -436.1568 -116.4501 -3273.0450 -96.5525 -11.5770 -3358.3110 4.2083 -424.6334 -3418.2690 53.2287 -771.9263 -3288.5110 46.3467 -808.0711 -3291.9310 -277.0880 -15.2623 -3356.0520 -327.1073 -427.9649 -3411.8050 -346.0186 -796.2985 -3282.2990 -348.3042 -832.2028 -3305.9380 -195.2520 582.2436 -3202.1600 98.8784 -175.9002 -3176.3650 42.5117 -105.8287 -3260.5310 -423.9447 -217.5850 -3219.3750 -381.4040 -101.1615
81760284 -3323.9370 -189.2883 -13.5526 -3318.5540 -193.0004 330.1138 -3298.7540 -196.0157 664.2411 -3302.1370 -217.7173 840.9476 -3300.6790 2.5136 537.6410 -3300.7830 67.7070 242.4827 -3227.7110 106.4805 -20.5965 -3217.1280 92.3197 -93.5716 -3332.0980 -394.4294 546.5351 -3325.2040 -437.1057 237.2988 -3267.5310 -444.7419 -44.3847 -3263.4470 -433.3533 -113.9412 -3272.9540 -96.5684 -11.5725 -3358.3850 4.1985 -424.6079 -3417.6550 54.4165 -772.0378 -3287.8260 47.9710 -808.1639 -3291.8070 -277.2517 -15.2493 -3356.5950 -326.6011 -428.6197 -3411.6360 -345.3580 -796.2384 -3282.0580 -347.2006 -832.1268 -3306.1970 -195.4334 582.0687 -3201.1570 118.7010 -175.2446 -3174.9190 44.1811 -103.4809 -3254.8080 -433.6231 -195.7216 -3221.1120 -385.2449 -91.8958
81760317 -3324.2540 -189.4659 -13.6559 -3318.7090 -193.1653 330.1306 -3298.8620 -196.2038 664.3753 -3302.2550 -217.7255 841.0510 -3301.7690 2.6750 537.7056 -3301.4640 67.5319 242.9633 -3227.8320 105.3142 -29.8393 -3215.0080 92.0187 -96.4187 -3332.6040 -394.3838 546.3091 -3325.5190 -436.4436 236.2452 -3267.7640 -444.8162 -44.2802 -3263.3360 -433.2740 -115.1906 -3272.9800 -96.6424 -11.5961 -3358.5460 3.8385 -424.5311 -3417.2690 55.5025 -776.8469 -3287.4280 49.1769 -812.9327 -3292.8120 -277.5767 -15.5012 -3357.4400 -327.0157 -429.5011 -3411.9280 -345.3215 -796.7924 -3282.3260 -347.0326 -832.6890 -3306.3190 -195.6110 582.1673 -3220.7630 110.0627 -177.1662 -3178.5270 42.0094 -104.8959 -3254.2360 -420.5396 -205.1752 -3219.5290 -384.3937 -112.1459
81760350 -3325.2780 -189.2971 -13.6059 -3319.1200 -192.9516 329.8935 -3299.0280 -195.8258 663.8292 -3302.5750 -217.7058 840.9866 -3302.8150 3.4655 537.1858 -3301.9270 67.2033 241.4691 -3228.3170 106.1040 -27.3464 -3215.4300 88.3930 -99.7602 -3334.1770 -394.2596 547.2737 -3325.8040 -435.7153 237.5192 -3268.3180 -445.2695 -45.8910 -3263.5370 -436.0754 -118.3168 -3274.0820 -96.7536 -11.6565 -3358.7310 4.1212 -425.0892 -3416.8920 55.3606 -775.9991 -3287.0420 48.9439 -812.1389 -3293.7700 -277.1255 -15.3235 -3357.7270 -326.8664 -430.0929 -3410.1910 -343.9889 -801.2919 -3280.5930 -345.8071 -837.1803 -3306.5530 -195.2866 581.7144 -3214.8720 107.0591 -181.8798 -3173.4120 47.2341 -107.5414 -3254.9270 -439.2654 -196.3162 -3221.1250 -385.8193 -95.0799
81760384 -3325.9110 -189.1918 -14.1951 -3319.4170 -192.7567 329.5533 -3299.1310 -195.5626 663.6534 -3302.6340 -217.7004 840.9705 -3303.0960 3.2573 537.0486 -3302.3030 67.0635 241.6061 -3228.8950 105.0130 -26.9142 -3215.7300 91.7884 -97.3571 -3334.2610 -394.2585 546.7018 -3325.9180 -435.4444 237.3311 -3268.8320 -445.7330 -45.8202 -3265.6040 -434.6326 -112.5520 -3274.1800 -96.7476 -11.8014 -3359.3480 4.2319 -424.8772 -3416.8350 56.1869 -775.9438 -3286.9890 49.7933 -812.1046 -3295.3150 -276.8217 -16.5858 -3357.4930 -327.0867 -429.1772 -3410.3760 -343.7542 -801.5457 -3280.7820 -345.5427 -837.4522 -3306.7020 -195.0378 581.5001 -3217.1570 122.2396 -173.1973 -3181.0230 46.5075 -111.5596 -3267.7050 -417.4876 -205.4450 -3216.4000 -386.7458 -110.5985
81760417 -3326.2180 -188.9148 -14.3944 -3319.7720 -192.7248 329.5133 -3299.6980 -195.7851 663.8184 -3303.1250 -217.0183 840.5308 -3303.1770 2.9672 536.9333 -3301.9580 67.0359 241.6788 -3229.4120 104.2585 -28.0916 -3219.1860 88.2425 -95.9134 -3334.4270 -394.1478 546.7125 -3326.5750 -435.9130 237.4440 -3269.1850 -445.8762 -44.1084 -3263.6330 -432.6398 -113.1845 -3274.5320 -96.5742 -11.9891 -3359.6930 4.3277 -425.5665 -3416.6820 55.7611 -782.2906 -3286.8660 49.3493 -818.3669 -3295.5030 -276.4702 -16.7493 -3357.3930 -327.0284 -429.3788 -3410.2220 -344.0045 -801.5963 -3280.6430 -345.8133 -837.4877 -3307.2080 -195.1807 581.5964 -3220.1570 122.3536 -173.3588 -3180.0410 45.4658 -113.7010 -3264.5260 -444.4772 -191.1046 -3218.0940 -390.2410 -99.0116
81760450 -3326.9720 -187.9855 -14.9769 -3320.5460 -192.4588 329.0644 -3300.6200 -196.0181 663.4349 -3303.1280 -217.0016 840.5308 -3303.6470 2.9551 536.9478 -3301.9710 66.8147 241.4042 -3228.6990 102.9053 -29.7455 -3216.7210 91.7163 -97.6995 -3335.3110 -393.7819 546.8015 -3327.5300 -435.9847 237.9784 -3271.2510 -446.9911 -44.7908 -3268.9700 -439.7923 -119.3283 -3275.6530 -95.7113 -12.6118 -3362.4350 4.4298 -430.3797 -3417.5140 53.5096 -783.3438 -3287.7160 47.0224 -819.4059 -3295.8540 -275.5220 -17.2339 -3360.1270 -327.4084 -434.0056 -3409.5540 -344.0389 -801.4958 -3279.9910 -345.9481 -837.3820 -3308.0890 -195.2842 581.1957 -3213.8250 110.3916 -175.9524 -3182.2260 43.9887 -109.7223 -3258.6870 -450.3039 -197.4447 -3219.9050 -392.6395 -125.8710
81760484 -3327.3530 -188.0721 -15.1002 -3321.0730 -192.4769 328.9318 -3301.2400 -195.9516 663.3441 -3304.1280 -217.2045 840.5581 -3304.2040 2.7244 536.3962 -3302.7980 67.1948 241.1244 -3229.0130 102.9777 -29.3841 -3221.5080 95.3054 -93.2822 -3336.4490 -394.0025 546.6575 -3327.7940 -435.9054 237.9502 -3271.9940 -446.6139 -44.2910 -3268.4060 -436.4199 -113.5282 -3276.0870 -95.7653 -12.7953 -3362.3870 4.2032 -428.9800 -3417.8590 53.7823 -783.9648 -3288.0790 47.1640 -820.0105 -3296.1100 -275.6239 -17.2743 -3360.0970 -327.3763 -432.6460 -3409.9180 -343.3519 -801.0649 -3280.3700 -345.3973 -836.9459 -3308.7000 -195.2400 581.0883 -3217.9580 106.4279 -180.2915 -3178.2900 45.2522 -111.2963 -3269.3540 -441.9442 -194.0571 -3216.7890 -390.9071 -93.9055
81760517 -3327.9840 -188.2475 -15.4171 -3321.8840 -192.6909 328.7912 -3302.2190 -196.2137 663.4535 -3304.9360 -216.5714 841.4044 -3305.4140 2.9196 536.4238 -3303.1560 67.6999 241.0536 -3227.8090 100.2562 -37.1024 -3220.7330 94.2937 -90.1127 -3337.3000 -394.1338 546.9518 -3328.2170 -435.8105 237.2386 -3272.9570 -447.5704 -46.0444 -3268.8130 -438.4639 -115.5786 -3278.0040 -96.2396 -13.5279 -3364.3460 5.1184 -431.6103 -3418.7130 54.6661 -785.3938 -3288.9340 48.1346 -821.4066 -3296.1320 -275.6442 -17.3196 -3360.0920 -327.3975 -432.6204 -3409.5930 -342.7222 -803.1628 -3280.0470 -344.6783 -839.0007 -3309.6450 -195.4911 581.1269 -3220.1570 122.3536 -173.3588 -3177.8100 44.0997 -107.9642 -3267.0260 -435.1815 -211.3277 -3220.2500 -392.4758 -117.1616
81760550 -3328.4340 -188.1075 -15.2079 -3323.0700 -192.3059 329.2804 -3304.3860 -195.4851 664.3683 -3305.8620 -217.2398 841.3762 -3306.2910 2.7042 536.5107 -3304.1430 67.3512 241.2590 -3228.3720 99.6291 -37.5488 -3221.0220 87.0190 -93.7818 -3337.9210 -394.2863 547.0536 -3329.7600 -435.9570 237.4544 -3274.3210 -448.1321 -46.7653 -3269.6280 -436.8025 -112.2572 -3278.3130 -96.1232 -13.4015 -3364.6940 4.8542 -431.4738 -3419.3430 55.6429 -784.3604 -3289.5560 49.1700 -820.3075 -3296.5530 -275.4940 -17.0107 -3360.3720 -328.2613 -431.7686 -3410.2240 -342.8345 -803.8370 -3280.6760 -344.7203 -839.5904 -3311.5550 -194.8564 581.9210 -3227.7530 121.6580 -174.1380 -3183.1050 44.9929 -110.6561 -3270.3650 -432.7093 -198.1429 -3223.2410 -392.3872 -96.1995
81760584 -3328.2110 -188.0871 -15.1426 -3322.6200 -192.5867 329.2364 -3303.3590 -196.4685 664.0778 -3305.9850 -217.2559 841.3013 -3306.2760 2.4919 536.4503 -3304.6250 67.2653 241.8945 -3228.9820 99.6923 -37.4556 -3216.7790 94.1717 -91.6243 -3337.8660 -394.2172 546.9370 -3330.0050 -435.4001 235.8375 -3275.1020 -448.3297 -48.2932 -3266.5270 -436.8868 -119.1846 -3277.6600 -95.8230 -13.1576 -3364.1070 4.8405 -430.8551 -3419.5220 54.5271 -785.6486 -3289.7740 48.0673 -821.6029 -3296.4330 -275.5892 -16.9948 -3360.2810 -327.1541 -433.4871 -3410.3120 -342.8544 -803.8300 -3280.7980 -344.7399 -839.6047 -3310.7100 -195.6191 581.7089 -3180.1570 117.3189 -172.9490 -3181.3300 43.1965 -103.9602 -3274.0250 -431.9613 -222.5047 -3222.5710 -390.4557 -121.3476
81760617 -3328.7060 -188.5942 -15.1739 -3322.7830 -192.6645 329.1591 -3303.4060 -196.3510 663.9657 -3308.1360 -216.5896 841.8727 -3306.3550 2.5211 536.3882 -3304.9210 67.0158 241.9666 -3229.3400 100.1996 -37.8891 -3222.5220 87.2209 -94.4476 -3337.9660 -393.7182 547.0299 -3330.5460 -435.6228 237.3470 -3274.8290 -448.0132 -47.8138 -3268.4090 -434.2885 -109.7793 -3278.2430 -96.3380 -13.2824 -3364.2100 4.7393 -430.8321 -3421.0240 54.3097 -787.7150 -3291.2990 47.8409 -823.6597 -3296.7610 -276.0601 -16.9180 -3360.0830 -327.3494 -433.2462 -3410.3120 -342.8840 -804.0482 -3280.8180 -344.7812 -839.8298 -3310.7740 -195.5608 581.6203 -3205.1600 92.6287 -178.3974 -3179.7770 41.0281 -102.0893 -3269.7050 -417.7422 -205.5726 -3222.1540 -388.9806 -123.9297
81760650 -3328.6780 -188.5827 -14.9533 -3322.8510 -192.6593 329.2664 -3303.5710 -196.3177 664.0349 -3308.2210 -216.5733 841.8456 -3306.6180 2.5045 536.4020 -3305.4720 66.7598 241.9257 -3231.6150 100.0321 -35.0138 -3224.2270 87.8506 -95.3528 -3338.9510 -393.6472 547.4391 -3331.5150 -436.0769 237.7782 -3275.3300 -448.5392 -48.3749 -3268.3170 -434.9284 -113.5302 -3278.0630 -96.1950 -12.9475 -3364.0430 4.4793 -430.7203 -3420.5460 53.7430 -786.2253 -3290.8260 47.1169 -822.1826 -3296.8010 -276.1487 -16.7070 -3359.9760 -327.2924 -433.2033 -3410.1200 -343.2177 -804.3529 -3280.6360 -345.2746 -840.1282 -3310.9100 -195.5378 581.6962 -3214.4070 113.3283 -177.4549 -3180.2860 42.9117 -107.5507 -3255.3450 -466.0359 -189.8268 -3225.6850 -390.1979 -111.6557
81760684 -3328.5730 -187.9211 -14.7421 -3323.3880 -192.4189 329.3327 -3305.7370 -196.4670 663.9422 -3309.0230 -216.3481 841.3752 -3307.2590 2.1638 536.4825 -3306.3300 66.9962 241.7984 -3232.4700 100.3803 -34.7147 -3224.8450 89.7078 -94.9482 -3338.9430 -393.6306 546.8347 -3331.8030 -436.0443 235.9914 -3275.7340 -448.2818 -47.7392 -3271.2940 -439.0979 -112.5901 -3277.8350 -94.9999 -12.4236 -3363.5100 3.1484 -426.9233 -3420.5190 54.4673 -786.4296 -3290.7490 47.9785 -822.3019 -3296.7360 -275.8716 -16.6735 -3360.4680 -327.3762 -433.8601 -3410.3740 -343.6352 -804.8550 -3280.8400 -345.5421 -840.5429 -3312.5550 -195.5411 581.6556 -3221.4240 111.5861 -177.8056 -3182.3730 43.3449 -112.1577 -3267.0610 -461.3463 -187.8231 -3224.6760 -392.3184 -111.9747
81760717 -3328.6530 -187.8937 -14.4650 -3323.5470 -192.2962 329.4209 -3305.9480 -196.1288 663.8683 -3309.6350 -216.6295 841.0459 -3308.9730 2.4392 537.4934 -3307.1480 67.7230 241.8047 -3232.4230 100.3702 -34.3710 -3220.2580 86.5290 -98.2389 -3339.6910 -393.6434 547.2231 -3332.3990 -435.5108 234.4239 -3275.7610 -448.2407 -47.7269 -3266.9670 -436.2178 -116.0055 -3277.7190 -94.8734 -12.0100 -3363.5390 3.1425 -427.0517 -3422.0720 55.1709 -787.6315 -3292.2890 48.8975 -823.4796 -3296.9850 -275.9459 -16.4323 -3360.4260 -327.1752 -434.0690 -3410.3720 -343.7523 -804.8215 -3280.8230 -345.4348 -840.4948 -3312.7600 -195.2787 581.6279 -3201.1620 104.0416 -163.5902 -3181.6760 42.6414 -105.3820 -3249.6530 -436.8722 -195.7706 -3228.0770 -386.3272 -86.7273
81760750 -3328.6770 -187.8542 -14.4240 -3323.5980 -192.2074 329.3931 -3305.9640 -195.8997 663.7014 -3310.4540 -216.5079 841.0300 -3310.8590 2.7416 538.7839 -3307.3520 67.6546 241.9711 -3233.1710 99.8102 -34.6908 -3224.0370 91.5024 -93.2692 -3339.8180 -393.4596 546.6265 -3332.4180 -435.5080 234.3879 -3276.1030 -447.8135 -47.1960 -3270.1540 -437.7076 -111.8751 -3277.7150 -94.8604 -11.9874 -3363.5750 3.2948 -426.8994 -3422.6600 55.9787 -787.8795 -3292.8470 50.0790 -823.7163 -3297.0360 -275.8839 -16.3791 -3360.3850 -326.8280 -434.0536 -3410.8980 -344.8383 -801.2928 -3281.3110 -346.1251 -836.9961 -3312.7990 -195.0978 581.5027 -3221.6160 107.5022 -174.4618 -3180.7930 43.4760 -116.0959 -3253.5340 -430.4823 -186.7695 -3222.9690 -389.1200 -93.4487
81760784 -3328.7370 -188.0782 -14.4328 -3323.6720 -192.3839 329.4267 -3305.9720 -196.0076 663.7726 -3310.9410 -216.2044 841.0195 -3311.4220 3.0193 538.9261 -3308.4070 68.4713 242.0101 -3233.2340 99.8849 -34.2803 -3222.2720 90.6111 -94.7974 -3339.9360 -393.3183 545.9575 -3332.4580 -435.3733 234.5481 -3276.2250 -447.7966 -47.1729 -3269.6330 -438.0810 -115.5591 -3277.6290 -95.1134 -11.9713 -3364.0390 3.5310 -427.0876 -3422.0360 56.3478 -787.0903 -3292.2300 50.5371 -822.9262 -3297.2570 -276.1692 -16.4303 -3360.3760 -326.8165 -434.0644 -3410.3000 -343.5443 -803.7214 -3280.7270 -344.7524 -839.3884 -3312.8290 -195.2219 581.5623 -3211.4910 116.1632 -175.8165 -3195.4000 45.4214 -98.8365 -3250.2800 -431.4609 -198.0334 -3217.6320 -389.0816 -100.4596
81760817 -3329.0640 -187.6602 -14.4139 -3324.1200 -192.0642 329.5223 -3306.3770 -195.7888 663.9535 -3311.3160 -216.2966 841.1978 -3311.6660 3.2984 538.5942 -3308.1750 68.6207 241.6218 -3233.1610 99.9930 -34.3562 -3221.0360 91.2092 -99.9277 -3341.4140 -393.2981 547.9017 -3332.9270 -435.5060 234.8026 -3276.0950 -447.7309 -47.4727 -3269.2670 -436.0499 -112.7237 -3278.1710 -94.5646 -12.0134 -3364.7900 4.2947 -428.5714 -3421.5830 56.7113 -786.5789 -3291.8260 50.6529 -822.4075 -3297.3830 -275.9011 -16.3840 -3361.0110 -326.8617 -434.3329 -3410.3020 -343.4225 -804.0444 -3280.7790 -344.8755 -839.6960 -3313.2600 -194.9811 581.7180 -3211.8230 116.1458 -178.7790 -3182.9510 42.9134 -110.7691 -3247.8200 -447.8771 -197.6566 -3226.2760 -389.1110 -116.6750
81760850 -3329.9420 -188.1847 -14.5189 -3324.5310 -192.1614 329.5325 -3306.4690 -195.6959 664.0151 -3311.8420 -216.0871 840.9134 -3311.6890 2.9921 538.3778 -3308.2690 68.6054 241.7341 -3233.1250 100.0024 -34.3734 -3219.7450 84.0655 -97.4514 -3342.0160 -393.1476 548.1221 -3332.6910 -435.2711 234.0324 -3275.7960 -446.9732 -45.5177 -3266.9520 -434.7432 -119.5299 -3279.8210 -95.8777 -12.4322 -3367.5060 5.1251 -435.4692 -3421.3090 56.5725 -786.7757 -3291.5940 50.3766 -822.6230 -3297.7000 -275.9869 -16.3428 -3360.6670 -327.1818 -433.8900 -3410.3030 -343.7087 -804.9351 -3280.8240 -345.2978 -840.5987 -3313.4020 -194.9242 581.7654 -3217.2370 109.0380 -177.5982 -3185.1470 43.7285 -105.6135 -3258.8630 -434.1248 -198.1993 -3218.8690 -393.2570 -115.4106
81760884 -3330.3790 -188.0209 -14.2668 -3324.9710 -191.7001 329.9844 -3306.7290 -194.6875 664.8336 -3312.5040 -215.6172 841.1420 -3312.6820 3.8629 538.1618 -3308.2530 68.4977 241.8335 -3233.6520 101.5314 -35.4704 -3221.6770 91.6929 -100.0301 -3342.5750 -393.3961 547.7296 -3332.6950 -435.2696 234.0231 -3276.2290 -446.7035 -46.6598 -3267.8580 -436.5217 -113.0113 -3280.2710 -95.8113 -12.1899 -3368.4500 5.5783 -437.5978 -3421.0770 55.7083 -789.3120 -3291.3800 49.6412 -825.1248 -3298.0520 -275.7149 -16.0848 -3361.2190 -326.7509 -435.2776 -3410.3030 -343.7625 -806.2420 -3280.8390 -345.2325 -841.8853 -3313.7360 -194.0915 582.4617 -3219.4890 119.3688 -179.1865 -3185.4570 45.0804 -108.7745 -3272.3550 -452.2538 -189.3184 -3218.1040 -394.4736 -118.2156
81760917 -3330.8890 -188.0174 -14.4552 -3325.6080 -191.7444 329.8916 -3307.2900 -194.7518 664.8608 -3312.7700 -215.5885 841.0293 -3312.7900 3.7258 537.7990 -3308.1140 68.5261 241.9642 -3235.8520 103.8171 -29.6358 -3221.7930 94.5505 -99.3496 -3342.2280 -393.4052 547.4634 -3332.9120 -435.0024 234.3139 -3276.3510 -446.7706 -46.6410 -3270.7150 -437.5603 -114.1423 -3281.0810 -95.9328 -12.5155 -3368.5330 5.4842 -437.5018 -3421.2330 54.8597 -789.3203 -3291.5280 48.9083 -825.1296 -3298.2720 -275.6335 -16.1562 -3360.9730 -327.1695 -433.4993 -3410.6160 -343.7847 -806.1944 -3281.1440 -345.1489 -841.8353 -3314.3370 -194.1533 582.4578 -3204.6580 108.6093 -176.9026 -3185.0150 44.4064 -103.6065 -3245.0200 -444.0226 -206.9235 -3217.2940 -391.3594 -93.4024
81760950 -3330.8460 -187.3628 -14.4143 -3325.5840 -191.5210 329.9439 -3307.2440 -194.7094 664.9102 -3312.8300 -215.6780 841.0732 -3313.3110 3.8696 537.8767 -3308.8800 68.6914 241.5166 -3236.5960 106.3444 -22.4125 -3221.4730 93.1007 -96.8801 -3342.2460 -393.3739 547.5105 -3332.9290 -435.0616 235.3863 -3277.1330 -446.8289 -46.3885 -3269.1700 -435.8711 -112.8031 -3280.9990 -95.1746 -12.3297 -3368.4410 5.4345 -436.0537 -3420.9890 55.1144 -789.4097 -3291.2770 49.2794 -825.2161 -3298.2000 -275.0128 -16.2294 -3361.0370 -327.1017 -433.7377 -3411.2310 -342.6162 -805.6003 -3281.7480 -343.8748 -841.2475 -3314.3010 -194.0847 582.5046 -3215.1570 122.1652 -168.6881 -3177.2380 47.9041 -117.2894 -3245.7050 -417.5999 -195.2047 -3225.6820 -389.5658 -80.4859
81760984 -3330.9750 -187.3727 -14.3633 -3325.7930 -191.4145 329.9982 -3307.4810 -194.4431 664.9682 -3312.9960 -215.6833 840.8341 -3313.5020 3.6544 537.9279 -3309.5240 68.6213 240.9635 -3237.7220 105.7425 -22.5960 -3223.0420 89.2715 -96.4055 -3342.4140 -393.2116 547.5330 -3332.9340 -434.9339 235.4588 -3277.2300 -447.0443 -46.4381 -3268.9080 -436.5618 -117.9405 -3281.1130 -95.2205 -12.2632 -3368.3590 4.4709 -434.6638 -3421.0430 55.1491 -789.4703 -3291.3290 49.3130 -825.2717 -3298.3110 -274.9812 -16.1933 -3361.1070 -327.1728 -433.3968 -3411.3590 -342.2743 -806.2760 -3281.8750 -343.5380 -841.9117 -3314.5390 -193.8605 582.5605 -3230.7440 114.4532 -174.5188 -3183.1370 45.7775 -109.8968 -3279.2160 -454.0833 -206.7113 -3229.5240 -390.8774 -130.0600
81761017 -3330.9710 -187.3880 -14.3550 -3325.8730 -191.3283 330.0630 -3307.7440 -194.0317 665.1860 -3312.9990 -215.5546 840.9238 -3313.6340 3.6426 538.0192 -3309.4100 68.4067 240.8474 -3237.6120 105.6607 -22.6892 -3221.5240 90.8793 -98.5130 -3342.5230 -393.2361 547.5241 -3332.7920 -434.7049 235.5853 -3277.4190 -447.3564 -47.4304 -3269.1230 -436.2768 -116.8852 -3281.1030 -95.2619 -12.2494 -3368.0760 3.8583 -434.3289 -3421.1740 55.5490 -789.0955 -3291.4540 49.7134 -824.8914 -3298.3030 -274.9823 -16.1857 -3360.9880 -327.5004 -433.0221 -3411.2900 -342.0617 -806.2344 -3281.8010 -343.3225 -841.8603 -3314.7550 -193.5484 582.7317 -3228.7590 103.2608 -177.3629 -3181.8450 46.8513 -108.6172 -3251.0300 -425.3464 -210.2964 -3221.7830 -387.5192 -101.3450
81761050 -3330.9320 -187.1736 -14.3989 -3325.9830 -191.3485 330.0204 -3308.2660 -194.5687 665.0521 -3313.0000 -215.5681 840.9152 -3313.5150 3.5110 537.8490 -3309.4570 68.0579 240.5968 -3237.3580 105.7750 -23.6468 -3218.3710 95.0509 -97.0502 -3341.7150 -392.5955 547.6443 -3332.8030 -434.6031 235.5925 -3277.2620 -448.0689 -45.8288 -3270.4940 -441.1484 -120.2982 -3281.1260 -94.8413 -12.3267 -3368.2900 4.4173 -434.6521 -3422.1540 54.5111 -790.4083 -3292.4170 48.8444 -826.1702 -3298.2000 -274.8709 -16.2077 -3361.8000 -327.6600 -434.2191 -3411.1650 -342.0938 -807.0372 -3281.6580 -343.1977 -842.6320 -3315.1500 -193.8950 582.6235 -3215.1580 111.8772 -173.1016 -3181.8400 46.3436 -109.7994 -3263.6940 -431.7850 -211.0997 -3221.7770 -390.6665 -110.4674
81761084 -3331.5230 -187.6544 -14.6298 -3326.3120 -191.5094 329.9399 -3308.3300 -194.5679 665.0536 -3312.6620 -215.5797 840.7204 -3313.5310 3.4966 537.7449 -3309.6890 68.0313 241.0026 -3236.9690 107.0395 -20.8006 -3221.3500 91.1234 -99.8115 -3342.4040 -393.0648 548.1559 -3332.9490 -434.5082 235.7345 -3277.3230 -448.1345 -45.8999 -3270.3280 -438.3896 -114.7351 -3281.2910 -95.4305 -12.4968 -3368.2360 4.1026 -436.0037 -3419.8450 53.2415 -786.6843 -3290.1190 47.4465 -822.5029 -3299.4200 -275.2330 -16.5342 -3361.8040 -327.8358 -434.3234 -3411.2210 -342.1806 -807.1175 -3281.7340 -343.4261 -842.7333 -3315.2680 -193.9182 582.6131 -3215.4090 102.3668 -175.3158 -3176.0310 48.1383 -115.8048 -3261.5290 -438.9294 -187.2260 -3229.6250 -394.6964 -142.8098
81761117 -3331.7690 -187.2273 -14.6046 -3326.4100 -191.4445 329.8122 -3308.3090 -194.7560 664.6320 -3312.2090 -215.0900 840.1595 -3313.5360 3.4947 537.7344 -3309.9380 67.7141 241.5208 -3237.1110 107.8707 -19.3894 -3222.9790 92.1444 -96.9696 -3340.6070 -392.7695 548.1971 -3333.0380 -434.5367 235.7132 -3277.1500 -448.0926 -45.7957 -3267.1900 -436.6739 -116.8287 -3281.3300 -95.0637 -12.3090 -3366.6830 3.4255 -433.1957 -3419.8820 53.4744 -786.5145 -3290.1320 48.0947 -822.3338 -3299.9040 -274.6716 -16.7116 -3361.6570 -327.5934 -434.4438 -3411.4440 -343.9271 -808.7296 -3281.9390 -344.7353 -844.3276 -3315.2970 -194.0192 582.2997 -3221.4090 102.5689 -175.6367 -3182.9480 46.8891 -105.4609 -3250.5290 -427.0435 -208.0778 -3215.5000 -393.2456 -95.1986
81761150 -3331.8240 -187.4505 -14.8423 -3326.3440 -191.5179 329.6758 -3307.9480 -194.7383 664.5002 -3311.6550 -215.3546 840.0842 -3313.7160 3.7489 537.7203 -3309.9370 67.7507 241.5368 -3234.5530 102.9284 -30.1674 -3220.0670 85.4661 -102.8266 -3340.6250 -392.7674 547.8300 -3333.1880 -434.7754 235.6105 -3276.6430 -447.7166 -45.9231 -3265.6290 -435.2299 -116.9474 -3281.3190 -95.3319 -12.4897 -3365.7390 3.3147 -431.2320 -3420.4370 52.9230 -786.7528 -3290.7070 47.5844 -822.5772 -3299.9730 -274.8478 -16.9894 -3361.6670 -327.5861 -434.5836 -3411.6010 -343.9474 -808.7504 -3282.1160 -344.7209 -844.3550 -3315.0520 -194.0368 582.1672 -3198.6560 112.8254 -178.7491 -3182.2300 45.3544 -109.7562 -3244.9060 -429.6619 -196.6196 -3220.0950 -389.7521 -83.4797
81761184 -3331.5060 -187.0240 -14.6894 -3326.2300 -191.3878 329.6667 -3307.8640 -194.7183 664.4368 -3311.7220 -215.4500 840.1012 -3313.7280 3.5726 537.5318 -3310.0640 67.8140 241.7036 -3234.4160 104.0904 -28.6377 -3221.0860 90.2351 -97.0330 -3340.3100 -392.5983 547.8327 -3333.1680 -434.3956 236.2836 -3276.2240 -447.5095 -46.2338 -3268.3660 -437.2815 -114.8696 -3280.8840 -94.8228 -12.2819 -3365.2030 2.4213 -425.8212 -3420.5560 53.0962 -786.7627 -3290.8170 47.8315 -822.5775 -3299.6740 -274.4791 -16.8612 -3360.9430 -327.3183 -432.7903 -3412.5070 -343.2366 -807.1667 -3283.0080 -343.9431 -842.7808 -3314.9710 -193.9997 582.1159 -3213.1570 107.4446 -178.8406 -3181.5060 45.2753 -107.8630 -3257.0310 -427.9039 -201.8123 -3220.7220 -391.5624 -119.9650
81761217 -3331.4460 -186.9489 -14.5842 -3326.2280 -191.3537 329.6856 -3307.8680 -194.7003 664.4303 -3311.5610 -215.5407 840.0296 -3313.8510 3.6938 537.5624 -3309.0780 66.0877 243.9298 -3233.5530 101.8722 -34.0470 -3221.6960 87.2655 -99.0609 -3340.4740 -392.7419 547.9006 -3333.5900 -434.8127 236.0706 -3277.1680 -447.1750 -43.9834 -3267.1740 -434.2881 -114.4079 -3280.7750 -94.7057 -12.1231 -3365.1050 2.4030 -425.4413 -3419.8560 52.2111 -781.4904 -3290.1060 46.9520 -817.3577 -3299.6220 -274.4343 -16.7852 -3360.8440 -327.3321 -432.3142 -3413.6690 -345.3473 -802.8181 -3284.1620 -346.0342 -838.4794 -3314.9750 -193.9815 582.1133 -3227.1560 100.5552 -186.9738 -3179.3100 45.3359 -113.3834 -3257.4220 -449.3256 -185.7756 -3221.9370 -389.7028 -103.9431
81761250 -3331.4490 -186.9569 -14.6221 -3326.3160 -191.2068 329.6737 -3308.1120 -194.1250 664.5610 -3311.2430 -216.3179 839.6858 -3312.8150 3.0961 536.5029 -3310.3790 66.7764 242.7318 -3235.6110 101.4965 -28.8220 -3217.7190 94.0474 -95.9870 -3340.6140 -392.6504 547.9885 -3333.6400 -434.8073 236.1124 -3276.7380 -447.3224 -43.9169 -3269.5460 -435.2379 -115.5834 -3280.7320 -94.6932 -12.1555 -3366.8070 2.2147 -428.1228 -3420.2170 53.2487 -781.3421 -3290.4760 47.7110 -817.2114 -3299.6720 -274.4799 -16.8582 -3361.0770 -327.2444 -432.4944 -3413.5200 -344.9179 -803.1731 -3284.0230 -345.8764 -838.8298 -3315.1750 -193.5481 582.1885 -3211.1560 117.6076 -172.8758 -3183.0430 45.9062 -110.5576 -3279.0280 -433.8183 -206.1212 -3237.6150 -386.1092 -136.7657
81761284 -3331.4910 -186.9521 -14.6843 -3326.3390 -191.2083 329.6530 -3308.1120 -194.1339 664.5616 -3311.0420 -216.1504 840.0732 -3312.9000 2.8230 536.6683 -3310.2180 66.8559 242.5984 -3235.3060 101.5415 -28.9609 -3220.7400 90.3734 -99.5506 -3340.7920 -392.8022 547.7291 -3333.5960 -434.5612 236.0037 -3276.8360 -447.2232 -43.9718 -3272.2760 -438.4395 -120.0426 -3280.6950 -94.6856 -12.1729 -3366.7130 2.7250 -428.6374 -3420.2310 53.5778 -780.8892 -3290.4910 48.0047 -816.7670 -3299.9060 -274.4858 -17.0485 -3361.1070 -327.1753 -432.4806 -3413.4640 -344.8455 -803.1292 -3283.9690 -345.8363 -838.7896 -3315.1780 -193.5547 582.1859 -3212.1560 110.3280 -177.3223 -3197.1540 43.5223 -98.1050 -3261.3600 -431.5787 -210.9110 -3219.7500 -391.0954 -118.2140
81761317 -3331.5810 -187.3024 -14.7686 -3326.3360 -191.2179 329.5505 -3307.9160 -193.8142 664.2180 -3311.0430 -216.1332 840.2108 -3312.9440 2.7808 536.7545 -3310.1850 67.2483 242.1368 -3235.0910 101.2440 -29.9878 -3220.0360 90.4524 -95.5585 -3341.2640 -392.9141 548.2836 -3333.6970 -434.4433 235.7874 -3275.8700 -446.8261 -46.4783 -3268.5670 -436.3565 -116.8379 -3281.1170 -95.2681 -12.3160 -3366.2650 2.8812 -428.5708 -3418.0530 57.6949 -786.3151 -3288.3500 51.9819 -822.1328 -3299.7540 -274.7473 -17.0916 -3360.9870 -327.4015 -432.9176 -3413.2710 -344.3587 -804.3286 -3283.8010 -345.4474 -839.9799 -3315.0590 -193.3611 581.9225 -3217.4900 113.4522 -176.1468 -3186.8750 44.7358 -105.9673 -3283.6140 -460.0321 -201.6243 -3228.5650 -395.1950 -138.4133
81761350 -3331.5100 -187.1759 -14.6023 -3326.3020 -191.1876 329.5668 -3307.8400 -193.8295 664.1718 -3310.9680 -216.1136 840.2010 -3313.6110 3.3043 537.2075 -3310.1670 67.0675 242.0301 -3234.7040 101.8179 -34.8174 -3221.2090 94.0642 -96.4658 -3341.3570 -393.0439 548.1620 -3333.4280 -434.0106 235.9352 -3275.4620 -446.3125 -45.9844 -3271.0720 -436.0277 -115.3895 -3281.1380 -95.0852 -12.1122 -3365.9040 2.8567 -428.6901 -3418.0830 57.6679 -786.8203 -3288.3730 52.0909 -822.6290 -3299.4960 -274.6281 -16.8836 -3360.6420 -327.0692 -433.3668 -3413.2000 -344.2834 -804.5632 -3349.5190 -336.3344 -884.1977 -3315.0040 -193.3608 581.8963 -3227.1860 113.0592 -174.8867 -3183.2370 46.5374 -109.6488 -3271.5320 -429.8586 -198.2250 -3225.1160 -387.9862 -98.8477
81761384 -3331.7930 -187.3065 -14.7076 -3326.3750 -191.2541 329.4136 -3307.7050 -193.9176 663.8875 -3311.1710 -216.1315 840.2833 -3313.6220 3.3600 537.1391 -3310.1250 68.1069 240.9859 -3234.9220 102.2280 -32.8946 -3222.3470 91.6441 -101.0617 -3341.4330 -393.0276 548.0388 -3333.4170 -433.9879 235.9639 -3275.5240 -446.1736 -45.9935 -3269.4390 -436.5629 -116.5759 -3281.3910 -95.4310 -12.2289 -3365.9190 2.9825 -429.5191 -3418.6520 57.6185 -786.0991 -3288.9470 52.0246 -821.9319 -3299.7880 -274.5846 -16.9755 -3360.5960 -326.8745 -433.3367 -3412.5410 -344.3864 -803.9028 -3348.4950 -337.0142 -880.8114 -3314.9360 -193.4375 581.6552 -3220.9070 110.2604 -174.5080 -3184.8590 45.6049 -107.4937 -3260.9240 -443.5684 -190.4445 -3221.6170 -389.0344 -94.5605
81761417 -3331.9790 -187.4303 -14.6794 -3326.4480 -191.2530 329.4190 -3307.7170 -193.8724 663.8943 -3311.0870 -216.1320 840.2596 -3314.0710 3.6359 537.3981 -3310.1060 68.4495 240.6935 -3234.6860 102.1657 -32.7126 -3220.5070 87.6617 -99.9660 -3341.4120 -392.9863 548.0649 -3333.3750 -433.7901 235.3795 -3275.7140 -446.4948 -44.4266 -3263.5330 -430.5862 -115.8692 -3281.6780 -95.7165 -12.2587 -3365.9300 3.3690 -429.7442 -3418.6280 57.4265 -786.3635 -3288.9200 51.9442 -822.1963 -3299.8690 -274.6022 -16.9162 -3360.5810 -326.8766 -433.3149 -3411.5480 -343.9719 -804.6678 -3282.0730 -344.8358 -840.3251 -3314.9560 -193.4061 581.6587 -3217.3260 106.1152 -170.2780 -3181.3330 46.3021 -117.4133 -3228.7420 -430.4572 -194.9889 -3229.5600 -386.0406 -80.4455
81761450 -3331.9300 -187.4591 -14.6090 -3326.4120 -191.2863 329.4546 -3307.6440 -193.9436 663.9274 -3311.0880 -216.2485 840.1923 -3314.0620 3.5380 537.4524 -3310.4110 68.5926 240.7165 -3236.3300 100.6274 -34.3661 -3223.9870 90.9693 -97.4352 -3341.7410 -393.0606 548.4403 -3333.3330 -433.6510 234.5804 -3275.5340 -446.2905 -43.0618 -3268.1250 -431.9158 -115.7079 -3281.5930 -95.6862 -12.1931 -3365.6400 3.0324 -428.5608 -3418.5510 56.5282 -779.3877 -3288.8360 50.9817 -815.2967 -3299.8060 -274.7105 -16.7929 -3360.3520 -326.9712 -433.0172 -3411.7650 -343.7380 -804.7467 -3282.3020 -344.6791 -840.4036 -3314.8960 -193.4638 581.6893 -3211.8240 107.3362 -172.9149 -3184.5340 44.1699 -103.0733 -3263.5390 -411.0189 -206.6653 -3217.4000 -384.8229 -107.3901
81761484 -3332.0420 -187.6064 -14.7437 -3326.4360 -191.4529 329.3763 -3307.5290 -194.2202 663.9037 -3311.1590 -216.4837 840.1025 -3313.8810 3.2478 537.3361 -3309.9380 68.4058 240.9976 -3235.5950 100.5968 -35.5349 -3219.8750 90.4012 -101.2707 -3341.9960 -393.3324 548.4742 -3333.1200 -433.7243 234.1873 -3275.9640 -446.7422 -42.2396 -3268.6690 -436.1041 -107.8250 -3281.5950 -95.8664 -12.3436 -3364.7100 2.2918 -425.1602 -3418.0780 55.7741 -776.9581 -3288.3720 50.1347 -812.9022 -3300.0080 -274.8196 -16.9092 -3359.9100 -327.8461 -431.5654 -3411.5170 -343.7966 -804.6693 -3282.0690 -344.8380 -840.3362 -3314.8240 -193.6998 581.6458 -3222.5300 113.6062 -180.1108 -3177.5420 48.3096 -120.3869 -3264.8890 -427.7806 -198.4563 -3223.1800 -385.9944 -101.4909
81761517 -3331.7720 -187.6304 -14.5735 -3326.3800 -191.4638 329.4901 -3307.5590 -194.2381 664.0507 -3311.2620 -216.2893 840.7565 -3313.8820 3.4845 536.9263 -3309.9370 68.3720 241.0139 -3234.9550 100.6003 -35.4905 -3222.4300 88.7653 -97.4856 -3342.3290 -393.9637 548.7635 -3333.2760 -433.8654 234.4734 -3275.3500 -446.8291 -42.5355 -3265.7330 -434.9536 -106.8367 -3281.2520 -95.9030 -12.1669 -3366.6420 3.7127 -431.7146 -3418.8230 56.9133 -782.4263 -3289.1360 51.2113 -818.2991 -3299.7350 -274.8199 -16.7184 -3360.0520 -327.8178 -431.7864 -3411.7750 -343.7728 -805.0439 -3282.3330 -344.8647 -840.6942 -3314.8300 -193.7144 581.7725 -3218.6550 109.0876 -182.0855 -3180.5910 47.1124 -108.4034 -3255.7760 -436.6059 -197.2854 -3218.8000 -391.7771 -105.5560
81761550 -3331.7150 -187.4957 -14.5895 -3326.3780 -191.4183 329.5249 -3307.5860 -194.2349 664.1810 -3311.6560 -216.1917 841.1489 -3313.7860 3.4555 536.8605 -3309.9340 67.8803 241.9294 -3234.8250 100.8996 -36.1033 -3221.0260 90.7474 -97.0737 -3342.4530 -393.9514 548.8190 -3333.3880 -433.9984 234.3465 -3274.6860 -446.8879 -43.3288 -3267.2080 -431.2455 -107.6719 -3281.1950 -95.8139 -12.2344 -3366.5090 3.7262 -431.6996 -3419.1870 57.3341 -782.4302 -3289.5100 51.5780 -818.2994 -3299.6330 -274.5758 -16.6547 -3360.0260 -327.1637 -433.3451 -3411.8040 -343.6295 -805.1373 -3282.3710 -344.7723 -840.7820 -3314.8460 -193.6973 581.8641 -3212.6580 95.7120 -177.3539 -3195.7220 41.8254 -86.9909 -3264.9280 -438.8048 -189.7881 -3230.4070 -383.7635 -110.9198
81761584 -3331.3950 -187.4020 -14.5083 -3326.1390 -191.3831 329.4990 -3307.3320 -194.2588 664.0651 -3311.2200 -216.3103 841.3063 -3313.6610 3.6395 536.8077 -3310.2350 68.4601 240.8982 -3235.1180 100.8661 -35.6966 -3221.2630 87.9936 -96.6068 -3342.4770 -393.7714 549.1042 -3333.2800 -434.0068 234.3657 -3273.9090 -446.5139 -43.3803 -3269.2110 -432.4308 -103.3418 -3280.6050 -95.6885 -12.0981 -3364.3740 3.3738 -429.1355 -3419.2350 57.3699 -782.4933 -3289.5630 51.5851 -818.3577 -3299.4560 -274.5000 -16.6054 -3360.3840 -326.6859 -435.1987 -3411.5140 -343.4977 -804.9726 -3282.0860 -344.6700 -840.6141 -3314.5980 -193.7052 581.7701 -3206.9090 108.6642 -166.0705 -3184.4350 44.8882 -105.9581 -3242.7890 -412.8248 -196.5020 -3225.5720 -384.1139 -85.6830
81761617 -3331.3090 -187.5097 -14.5572 -3326.0740 -191.4914 329.4329 -3307.2630 -194.3917 663.9814 -3310.8440 -216.1348 841.1592 -3313.2660 3.2411 536.9424 -3309.8770 68.4119 242.0967 -3234.4860 99.4672 -36.8796 -3219.8410 88.5222 -96.8442 -3342.3320 -393.8954 549.4210 -3333.1300 -433.8504 234.4511 -3273.8160 -446.4755 -43.6506 -3268.1470 -434.2819 -108.1713 -3280.5150 -95.7616 -12.2198 -3363.9270 3.0395 -429.2480 -3419.0880 57.1823 -783.8993 -3289.4270 51.3396 -819.7470 -3299.3370 -274.6687 -16.5829 -3359.9690 -326.7363 -435.0271 -3411.4140 -343.7076 -805.2347 -3281.9950 -344.9376 -840.8723 -3314.5290 -193.8321 581.6887 -3215.6570 108.9807 -173.1332 -3179.8270 44.0496 -107.0637 -3250.0350 -409.3011 -219.1207 -3227.9170 -384.6226 -80.9145
81761650 -3330.6860 -186.1362 -13.7000 -3325.9480 -191.4612 329.5555 -3307.1160 -195.2369 663.9342 -3310.5530 -216.2267 841.0657 -3313.5380 3.1164 537.4303 -3309.6770 67.9218 241.9546 -3234.9000 102.0025 -32.5928 -3218.9360 91.0283 -99.7604 -3342.8800 -394.3160 549.8511 -3333.8320 -433.9999 236.0103 -3273.5070 -446.0842 -43.7099 -3269.7310 -434.0461 -106.2829 -3279.8530 -94.1361 -11.1337 -3362.9930 2.2427 -426.3170 -3420.7850 56.7302 -783.9050 -3291.1260 50.8349 -819.7418 -3298.7050 -273.5083 -15.9222 -3360.0570 -326.7930 -434.9966 -3411.5840 -343.7128 -805.1702 -3282.1670 -345.0012 -840.7938 -3314.3940 -194.2959 581.7092 -3197.9560 114.5259 -175.6584 -3186.6090 45.1215 -108.2408 -3259.0350 -425.7027 -189.1979 -3222.8440 -391.0734 -91.4360
81761684 -3330.5340 -186.0891 -13.8161 -3325.8670 -191.4004 329.5617 -3307.0710 -195.1767 664.0114 -3310.5310 -216.3436 840.9798 -3313.0080 2.8036 536.4872 -3312.0190 68.2937 243.3438 -3235.2050 102.0723 -32.1129 -3226.0570 90.4071 -98.0451 -3342.4880 -394.0906 549.7053 -3334.0870 -434.2167 235.9577 -3273.5840 -446.2798 -43.6079 -3267.9800 -434.9138 -109.4125 -3279.3180 -93.7328 -11.4300 -3363.0430 2.1606 -426.2664 -3420.6710 56.6394 -786.7062 -3291.0300 50.7186 -822.5044 -3298.6790 -273.5883 -15.9761 -3360.0410 -326.8141 -434.2090 -3411.5200 -343.6296 -805.0947 -3282.1140 -344.9454 -840.7114 -3314.3450 -194.2485 581.7599 -3218.1550 122.2636 -173.2510 -3185.8470 47.6526 -116.1980 -3275.8250 -441.1738 -197.5705 -3220.2380 -391.8468 -118.3163
81761717 -3330.3790 -186.1812 -13.9551 -3325.3140 -191.5199 329.1418 -3305.8950 -195.3940 663.0830 -3311.1270 -216.3682 840.9731 -3313.3000 2.8169 536.0332 -3312.0090 68.0944 243.3270 -3235.3010 102.6002 -30.9336 -3223.8030 86.8351 -100.6656 -3341.9180 -394.5813 548.7147 -3334.1530 -434.4901 235.9416 -3274.1140 -446.7530 -42.2019 -3269.2360 -436.3464 -103.2238 -3279.1940 -93.7817 -11.5412 -3363.1100 2.1815 -426.0745 -3419.7030 56.3104 -784.2676 -3290.0630 50.5887 -820.1176 -3298.4970 -273.7448 -16.1335 -3360.0340 -326.9545 -434.2445 -3411.4790 -343.6017 -805.0632 -3282.0800 -344.7221 -840.7076 -3313.3360 -194.4643 580.9626 -3218.1640 113.5010 -173.3405 -3185.5140 42.5703 -110.8193 -3257.3740 -413.2149 -195.8983 -3235.1740 -384.1393 -82.4303
81761750 -3329.9250 -186.3846 -14.1461 -3325.0610 -191.6336 329.0399 -3305.8110 -195.4690 663.0364 -3310.5780 -216.2298 840.6930 -3313.2480 2.8486 536.0724 -3311.9910 68.5325 242.5322 -3234.9180 101.0420 -34.0461 -3225.1410 87.8716 -99.5316 -3340.5700 -393.6501 547.7809 -3334.1120 -434.5240 235.9843 -3274.1820 -446.8167 -41.3237 -3266.9640 -437.1820 -105.0150 -3278.9180 -93.8132 -11.5865 -3363.1640 2.1148 -426.2072 -3419.5630 56.3205 -784.8029 -3289.9040 50.8743 -820.6238 -3297.8060 -274.2443 -16.5368 -3359.9450 -326.9336 -434.2290 -3411.7090 -343.7628 -805.2777 -3282.2900 -344.6061 -840.8976 -3313.2130 -194.5588 580.8995 -3225.8380 116.4588 -176.6580 -3185.2650 43.3625 -107.0514 -3268.7440 -434.6353 -193.5979 -3216.8750 -389.5079 -110.3902
81761784 -3329.6770 -186.0564 -14.5760 -3324.9900 -191.5418 328.9168 -3305.8150 -195.4730 663.0313 -3310.4500 -216.6166 840.6509 -3312.9420 2.5916 535.8873 -3311.9890 68.5301 242.5491 -3235.5590 101.0703 -32.7791 -3222.9870 89.6736 -98.8706 -3340.2260 -393.6126 547.5098 -3334.1510 -434.6202 235.9789 -3273.5700 -446.4553 -42.7352 -3268.7230 -436.8732 -107.5970 -3278.7850 -93.4669 -11.9512 -3366.2660 5.1402 -436.0197 -3419.6430 56.6006 -785.2870 -3289.9900 51.1554 -821.0914 -3297.4500 -273.9544 -17.0017 -3359.4760 -326.9081 -433.6846 -3411.5210 -343.4680 -806.1266 -3282.1080 -344.3104 -841.7252 -3313.2110 -194.5582 580.8840 -3220.1550 111.3138 -179.9820 -3186.4700 44.4580 -106.7694 -3268.3170 -430.7621 -194.8308 -3227.8860 -384.3015 -98.1604
81761817 -3329.6780 -186.0567 -14.5758 -3324.9880 -191.5305 328.9256 -3305.8240 -195.4514 663.0610 -3310.3730 -216.7633 840.7147 -3312.9710 2.5807 535.9232 -3311.9790 68.3642 242.2106 -3235.3870 101.3215 -32.3766 -3221.7770 88.6440 -98.4601 -3340.4490 -393.7552 547.8034 -3333.9730 -434.6280 234.6956 -3273.5050 -446.7072 -42.6975 -3270.0960 -437.2992 -107.0464 -3278.7700 -93.4687 -11.9538 -3366.9570 5.2730 -436.3075 -3419.8310 56.6065 -781.8434 -3290.1830 51.1226 -817.6812 -3297.4820 -273.9568 -16.9914 -3359.4910 -326.8496 -433.6742 -3412.5220 -342.9943 -805.8286 -3283.1210 -343.8817 -841.4280 -3313.2150 -194.5434 580.9033 -3213.1560 122.0808 -168.5940 -3186.7710 44.9145 -110.1952 -3258.5280 -423.7006 -219.6753 -3224.4210 -386.7046 -101.3955
81761850 -3329.6460 -186.0832 -14.5884 -3324.9280 -191.5077 328.9179 -3305.7520 -195.3841 663.0640 -3309.9430 -216.9082 841.0042 -3313.0650 2.1797 536.3040 -3312.0470 68.3563 242.2152 -3231.9790 102.0962 -35.3072 -3220.4390 87.8460 -96.1582 -3339.2870 -393.4840 547.5823 -3334.1210 -435.4291 233.9806 -3273.4000 -446.8984 -43.4721 -3269.0420 -440.0185 -114.5029 -3278.8000 -93.5253 -11.9779 -3367.0150 5.1886 -436.4399 -3417.8720 54.8103 -779.3624 -3288.2050 49.6213 -815.2144 -3297.3120 -273.9729 -16.9935 -3359.6370 -326.9631 -433.7172 -3412.5100 -342.8728 -805.8694 -3283.0960 -343.4868 -841.4601 -3313.1460 -194.4935 580.9006 -3221.6560 120.2036 -171.2407 -3185.9140 45.1342 -108.7531 -3256.0300 -418.9266 -219.5126 -3223.9940 -387.6259 -100.7835
81761884 -3329.8410 -186.3820 -14.9426 -3324.9260 -191.5450 328.8863 -3305.6830 -195.3859 663.1320 -3309.9580 -217.3111 840.9563 -3312.9890 1.9817 536.2221 -3312.1190 68.3606 242.1748 -3226.5140 101.1240 -58.7837 -3222.0110 90.7584 -107.2646 -3339.4280 -393.7151 547.2383 -3334.0450 -435.5306 234.1887 -3273.1290 -447.1320 -43.8428 -3264.2580 -436.2260 -110.4689 -3278.9560 -94.1109 -12.6056 -3367.4290 4.3815 -436.9254 -3417.7500 55.0265 -779.6262 -3288.1120 49.7793 -815.4764 -3297.5450 -274.0902 -17.1591 -3359.3460 -327.0510 -432.1753 -3412.4900 -343.1516 -805.5873 -3283.1030 -343.8182 -841.1827 -3313.1070 -194.5064 580.9271 -3224.1550 113.6864 -182.3905 -3179.5480 47.5868 -117.0383 -3252.0260 -437.8452 -196.1341 -3219.5710 -392.0673 -90.4795
81761917 -3329.9220 -186.4917 -14.9130 -3324.9620 -191.6491 328.8806 -3305.7090 -195.5418 663.1035 -3310.4950 -217.4882 840.9262 -3313.0420 1.8381 536.1237 -3312.0980 68.0221 242.2814 -3231.2340 101.9659 -46.6902 -3224.1360 91.1081 -96.7328 -3340.7090 -394.2900 547.9612 -3333.8060 -435.6206 233.9857 -3272.8960 -446.9514 -43.4729 -3264.9160 -437.6311 -108.6689 -3279.0460 -94.4163 -12.4339 -3366.7140 3.6415 -434.8461 -3417.8610 55.9816 -780.9320 -3288.2680 50.4563 -816.7661 -3297.6510 -274.1096 -17.1911 -3359.3790 -326.8915 -432.1737 -3412.4760 -343.2400 -805.4024 -3283.1310 -344.1726 -840.9977 -3313.1340 -194.6564 580.9020 -3219.3570 106.4645 -176.8315 -3176.7140 51.1908 -125.5518 -3264.1950 -439.3011 -188.8658 -3219.4590 -391.6277 -98.7254
81761950 -3330.0650 -186.6076 -14.9700 -3325.4020 -192.0020 329.0333 -3306.8240 -196.4268 663.8099 -3310.4320 -217.5734 840.9283 -3312.9660 1.6947 535.9503 -3312.4570 67.9071 244.4645 -3232.8250 102.0353 -40.7861 -3224.7070 85.8962 -99.6323 -3340.3420 -394.0705 548.1425 -3333.7610 -435.7770 234.0013 -3272.7060 -446.9980 -43.8038 -3266.3290 -438.1834 -111.9332 -3278.9100 -94.6391 -12.4353 -3366.5260 3.4326 -430.7885 -3417.6160 56.0660 -780.9727 -3288.0100 50.6137 -816.7700 -3298.5890 -274.1609 -17.4178 -3359.7810 -326.9197 -432.1030 -3412.3130 -343.4674 -805.4583 -3282.9560 -344.3233 -841.0168 -3314.0380 -195.3960 581.4286 -3230.1930 114.0979 -174.8236 -3181.8650 43.8383 -109.3564 -3263.6290 -430.5657 -202.2185 -3216.4500 -392.4533 -114.1254
81761984 -3330.1090 -186.2259 -14.9778 -3325.3130 -191.7620 328.7968 -3306.4940 -196.2538 663.0968 -3310.1860 -217.6243 840.7791 -3313.0280 1.6082 536.1621 -3311.3020 67.2425 243.5520 -3233.4210 100.9913 -39.1726 -3227.6240 87.5707 -101.2594 -3340.2730 -394.0552 548.0599 -3333.5050 -436.1430 234.1087 -3271.8150 -446.9605 -44.5266 -3263.2670 -437.9241 -110.0945 -3278.9140 -94.3652 -12.4499 -3366.7700 3.4956 -430.8332 -3417.8980 56.0243 -781.4366 -3288.3020 50.5951 -817.2383 -3298.6540 -273.6135 -17.3860 -3359.9330 -326.7064 -432.0518 -3412.3110 -343.6636 -803.7766 -3282.9580 -344.4943 -839.3623 -3313.7870 -195.2091 580.8710 -3220.4900 113.5463 -173.3796 -3182.7340 45.8575 -113.2591 -3252.8320 -425.6125 -199.7726 -3219.2250 -389.8293 -105.4958
81762017 -3330.0980 -186.3579 -14.9883 -3325.2330 -191.7242 328.6346 -3306.1980 -195.7751 662.4554 -3309.8890 -217.9990 840.6252 -3313.6120 2.0644 536.3325 -3311.1770 67.3468 243.1752 -3234.2220 101.0310 -39.0432 -3228.4660 92.4922 -97.6108 -3340.5810 -394.7312 548.3442 -3333.3760 -436.0913 234.1299 -3271.4270 -447.3095 -43.8990 -3263.9280 -439.0625 -110.2661 -3278.9440 -94.4820 -12.3884 -3366.9240 3.6464 -431.6402 -3418.1940 55.4132 -781.1433 -3288.5950 50.0742 -816.9537 -3298.5670 -273.7873 -17.4734 -3361.2800 -327.0496 -434.3634 -3413.2080 -342.2589 -805.9296 -3283.8570 -343.0239 -841.4985 -3313.5560 -194.8922 580.3785 -3229.9330 108.8900 -174.0103 -3183.9140 44.1781 -108.9290 -3259.3640 -431.2542 -195.9961 -3226.1000 -391.1421 -89.3871
81762050 -3329.9840 -186.3727 -14.9338 -3325.1880 -191.7577 328.6125 -3306.1950 -195.8826 662.3583 -3309.8630 -218.0263 840.6716 -3314.0220 2.2949 536.4520 -3311.0610 67.7370 243.2906 -3234.1950 101.1370 -39.2925 -3230.2770 92.5204 -102.2792 -3340.5920 -394.8498 548.4235 -3332.8500 -436.3441 233.6267 -3270.4200 -446.8466 -44.3013 -3261.8050 -437.2227 -111.8025 -3278.8400 -94.4529 -12.3260 -3367.6880 3.6150 -432.5599 -3418.5340 55.2806 -782.3823 -3288.9290 50.0423 -818.1732 -3298.4000 -273.8454 -17.4028 -3361.6550 -326.5595 -435.2799 -3412.9300 -342.1452 -805.5690 -3283.5690 -342.8123 -841.1345 -3313.5370 -194.9776 580.3024 -3216.5830 114.6403 -179.4583 -3184.3220 43.8546 -100.7945 -3272.5190 -453.8085 -192.2996 -3216.4080 -391.7591 -104.5881
81762084 -3330.5940 -186.5029 -15.1821 -3325.3480 -191.7476 328.4691 -3306.1930 -195.8394 662.2893 -3309.7390 -218.1781 840.4702 -3313.5300 1.9850 535.9832 -3309.9360 69.0975 241.5083 -3234.1240 100.5408 -37.2634 -3229.3170 87.9467 -101.5519 -3340.2520 -394.6115 548.5089 -3332.3720 -436.5731 234.2620 -3268.2830 -446.6040 -42.9196 -3261.4880 -436.4635 -109.9785 -3279.3020 -94.6718 -12.5481 -3364.3300 3.9448 -422.9213 -3420.1720 57.0298 -785.8215 -3290.6070 51.7343 -821.5927 -3299.1350 -273.8368 -17.6385 -3361.6730 -326.2025 -435.4400 -3413.0890 -342.2879 -806.3111 -3283.7620 -342.9911 -841.8826 -3313.5600 -194.9434 580.2219 -3220.6540 104.7395 -189.5403 -3183.5100 45.3730 -110.1617 -3266.9010 -442.6345 -187.8998 -3222.2820 -389.3738 -99.9085
81762117 -3330.3890 -186.4635 -15.1305 -3325.0590 -191.7743 328.3088 -3305.7320 -196.0100 661.8061 -3308.9810 -218.7721 840.5462 -3312.6040 0.9069 536.0837 -3308.3580 68.0104 240.8046 -3234.5430 100.3240 -34.1557 -3226.5220 87.9271 -98.5738 -3340.2050 -394.5907 548.4872 -3332.3970 -436.5098 234.2903 -3268.0490 -447.2149 -41.8228 -3261.2380 -437.9789 -110.2749 -3279.2630 -94.5754 -12.5147 -3365.5890 3.7586 -428.8704 -3419.7280 56.2907 -782.7438 -3290.1870 50.7769 -818.5559 -3298.4860 -273.9205 -17.5196 -3360.0430 -326.4960 -431.5517 -3413.6030 -342.5361 -805.0610 -3284.3030 -343.4633 -840.6558 -3313.1410 -195.0754 579.8233 -3225.4890 107.8650 -182.4878 -3184.3000 44.1772 -103.6345 -3265.6930 -442.4692 -187.4613 -3220.4940 -390.1821 -100.2607
81762150 -3330.5450 -186.5999 -15.3448 -3325.1740 -192.0712 327.9341 -3305.7820 -196.5331 661.3110 -3308.2460 -219.1216 840.3478 -3310.5600 -1.0119 535.2488 -3307.8990 67.8677 241.1134 -3235.6840 101.5392 -32.3532 -3227.4120 84.8884 -102.5349 -3339.0720 -394.5374 548.0005 -3332.2210 -437.3794 234.2374 -3267.8910 -447.3760 -42.6172 -3262.1190 -440.4994 -109.4805 -3279.2240 -94.6212 -12.6444 -3367.7150 4.0505 -434.2670 -3420.4140 55.3833 -786.2861 -3290.9110 49.6389 -822.0660 -3299.0920 -274.2201 -17.8835 -3360.4620 -326.5746 -432.0024 -3415.0050 -342.0580 -806.8947 -3285.7390 -343.2339 -842.4779 -3313.2090 -195.5466 579.3452 -3216.1550 117.8014 -177.5392 -3186.0280 43.6452 -109.9460 -3263.5970 -439.0075 -197.0948 -3217.2450 -392.2113 -95.5152
